"","id"
"1","90006137"
"2","90006132"
"3","10074801"
"4","10075027"
"5","90006052"
"6","90006122"
"7","90006048"
"8","10074025"
"9","90006130"
"10","90006128"
"11","10074802"
"12","10568707"
"13","11385627"
"14","90006135"
"15","90006006"
"16","90006017"
"17","90006051"
"18","90006036"
"19","11325461"
"20","90006137"
"21","90006132"
"22","90006052"
"23","90006122"
"24","90006051"
"25","90006036"
"26","10075943"
"27","90006056"
"28","11299303"
"29","90006060"
"30","90006058"
"31","10558518"
"32","90006123"
"33","11355871"
"34","10467888"
"35","90006054"
"36","90006074"
"37","11299303"
"38","90006060"
"39","10075943"
"40","90006056"
"41","10467888"
"42","90006054"
"43","10074656"
"44","11288847"
"45","10561634"
"46","10561650"
"47","11289557"
"48","90006069"
"49","90006065"
"50","10074682"
"51","90006028"
"52","10074656"
"53","11288847"
"54","10561650"
"55","90006069"
"56","90006065"
"57","10074682"
"58","90006047"
"59","90006079"
"60","90006078"
"61","90006057"
"62","10574633"
"63","10467798"
"64","11298251"
"65","11298256"
"66","10465879"
"67","90006049"
"68","10574633"
"69","10467798"
"70","11298251"
"71","90006047"
"72","90006079"
"73","90006049"
"74","10467658"
"75","10467838"
"76","10551548"
"77","11382825"
"78","11300939"
"79","90006100"
"80","10556948"
"81","90006062"
"82","10467658"
"83","10467838"
"84","10556948"
"85","10551548"
"86","11382825"
"87","90006062"
"88","11299998"
"89","10467708"
"90","10467719"
"91","10529638"
"92","90006115"
"93","11299998"
"94","10467708"
"95","10467719"
"96","10529638"
"97","90006115"
"98","90006086"
"99","90006085"
"100","90006088"
"101","90006090"
"102","90006083"
"103","11327434"
"104","90006084"
"105","90006089"
"106","11327437"
"107","90006087"
"108","90006086"
"109","90006085"
"110","90006088"
"111","90006090"
"112","90006083"
"113","11327434"
"114","90006118"
"115","90006075"
"116","90006102"
"117","90006099"
"118","90006108"
"119","11297610"
"120","90006144"
"121","90006106"
"122","90006101"
"123","90006070"
"124","10074728"
"125","11297601"
"126","90006107"
"127","11383203"
"128","90006140"
"129","90006143"
"130","90006104"
"131","90006106"
"132","90006101"
"133","90006104"
"134","90006140"
"135","90006118"
"136","90006075"
"137","10074399"
"138","10074776"
"139","11296532"
"140","10074845"
"141","11291587"
"142","10074777"
"143","11291590"
"144","11296529"
"145","10074779"
"146","11288853"
"147","10074665"
"148","10074662"
"149","11296552"
"150","11296546"
"151","10074666"
"152","11296537"
"153","10074669"
"154","10074660"
"155","11324517"
"156","11296555"
"157","11296525"
"158","10075079"
"159","10074788"
"160","10075070"
"161","90006125"
"162","10074789"
"163","10074399"
"164","10074776"
"165","10074669"
"166","10074665"
"167","10075079"
"168","10074789"
"169","10573488"
"170","90006091"
"171","90006067"
"172","90006093"
"173","90006013"
"174","90006012"
"175","90006136"
"176","10572978"
"177","90006071"
"178","90006133"
"179","90006010"
"180","10601918"
"181","90006094"
"182","11296039"
"183","90006097"
"184","90006129"
"185","90006009"
"186","90006001"
"187","11299275"
"188","90006016"
"189","90006010"
"190","90006093"
"191","10573488"
"192","90006091"
"193","90006009"
"194","90006001"
"195","10468928"
"196","90006040"
"197","90006068"
"198","90006023"
"199","11295128"
"200","10571588"
"201","90006092"
"202","10467898"
"203","90006033"
"204","11323867"
"205","10467828"
"206","11295128"
"207","10468928"
"208","10571588"
"209","10467898"
"210","90006033"
"211","10467828"
"212","10074561"
"213","10074854"
"214","90006029"
"215","10468008"
"216","11296036"
"217","10074851"
"218","90006021"
"219","90006000"
"220","90006119"
"221","10074561"
"222","10074854"
"223","10468008"
"224","11296036"
"225","90006000"
"226","90006119"
"227","10467848"
"228","90006003"
"229","10468098"
"230","11299997"
"231","11300003"
"232","10075995"
"233","10075916"
"234","10075938"
"235","10075051"
"236","10075065"
"237","10075174"
"238","11299179"
"239","10075173"
"240","10075977"
"241","10075917"
"242","10075929"
"243","10075971"
"244","10074541"
"245","10075040"
"246","10074869"
"247","10075048"
"248","10075976"
"249","11383723"
"250","11383727"
"251","10075996"
"252","90006055"
"253","11384999"
"254","10075977"
"255","10075917"
"256","10075995"
"257","10075916"
"258","10467848"
"259","11384999"
"260","90006022"
"261","90006020"
"262","90006082"
"263","90006081"
"264","90006002"
"265","10697538"
"266","90006080"
"267","90006121"
"268","10074717"
"269","90006025"
"270","90006022"
"271","90006020"
"272","90006082"
"273","90006081"
"274","90006002"
"275","10074717"
"276","10550128"
"277","10075950"
"278","11297586"
"279","11382807"
"280","10691458"
"281","11296571"
"282","10690318"
"283","10484828"
"284","11297576"
"285","90006011"
"286","10467818"
"287","10465898"
"288","90006008"
"289","90006027"
"290","10468158"
"291","10550128"
"292","10075950"
"293","90006011"
"294","10467818"
"295","10465898"
"296","10468158"
"297","11299376"
"298","90006095"
"299","10462008"
"300","10558218"
"301","10691308"
"302","11297596"
"303","90006096"
"304","90006124"
"305","10697318"
"306","11300068"
"307","10443328"
"308","11299376"
"309","90006095"
"310","10462008"
"311","90006124"
"312","10697318"
"313","10443328"
"314","10573498"
"315","10074113"
"316","10558958"
"317","90006031"
"318","10558988"
"319","10074882"
"320","90006007"
"321","10074382"
"322","10557048"
"323","90006030"
"324","11300002"
"325","90006064"
"326","10573498"
"327","10558988"
"328","10074113"
"329","10074382"
"330","10074882"
"331","90006064"
"332","10074490"
"333","11297579"
"334","10075935"
"335","10075936"
"336","90006116"
"337","10764124"
"338","90006134"
"339","90006120"
"340","90006110"
"341","90006109"
"342","10466718"
"343","11300154"
"344","10467868"
"345","10075063"
"346","10075924"
"347","10075064"
"348","11383720"
"349","10553008"
"350","10551038"
"351","10074490"
"352","10075935"
"353","10764124"
"354","10467868"
"355","10075063"
"356","10553008"
"357","10075909"
"358","10075990"
"359","10075992"
"360","10075997"
"361","10075949"
"362","10075940"
"363","10075901"
"364","10074856"
"365","10075972"
"366","10075910"
"367","10075054"
"368","11299403"
"369","10074855"
"370","11281768"
"371","11327419"
"372","11299177"
"373","10075906"
"374","11299406"
"375","11299379"
"376","10075915"
"377","11300787"
"378","10075053"
"379","10075052"
"380","10075942"
"381","11299397"
"382","10075073"
"383","10075021"
"384","10075075"
"385","10075934"
"386","10075932"
"387","10075055"
"388","10504068"
"389","10504188"
"390","10074860"
"391","10075925"
"392","10075029"
"393","10075028"
"394","10504038"
"395","10075913"
"396","10075937"
"397","11299400"
"398","10075923"
"399","10075921"
"400","10075061"
"401","10075922"
"402","10075927"
"403","10075909"
"404","10075949"
"405","10075053"
"406","10075021"
"407","10075934"
"408","11299400"
"409","10074786"
"410","10074799"
"411","10074782"
"412","10074724"
"413","10074791"
"414","10074784"
"415","10074798"
"416","10074787"
"417","10074790"
"418","90006019"
"419","90006127"
"420","10074785"
"421","10576770"
"422","10565056"
"423","10576666"
"424","10576665"
"425","90006072"
"426","90006063"
"427","90006004"
"428","10074786"
"429","10074799"
"430","10576770"
"431","10565056"
"432","90006072"
"433","90006063"
"434","10298502"
"435","11294409"
"436","11329386"
"437","11298819"
"438","11296446"
"439","10298503"
"440","11300243"
"441","11298804"
"442","11298816"
"443","11296428"
"444","10291938"
"445","11296440"
"446","11325534"
"447","11296452"
"448","11298801"
"449","11298807"
"450","11298810"
"451","11298813"
"452","11298822"
"453","11297608"
"454","10761284"
"455","10761491"
"456","11297609"
"457","10761492"
"458","11297617"
"459","10298502"
"460","11294409"
"461","11329386"
"462","11297608"
"463","10761284"
"464","10761491"
"465","10281919"
"466","10281918"
"467","11296437"
"468","10282438"
"469","10291999"
"470","11294414"
"471","11296434"
"472","10281999"
"473","10281998"
"474","11296443"
"475","11294405"
"476","10291993"
"477","10298708"
"478","11295255"
"479","10281919"
"480","10281918"
"481","10281999"
"482","10281998"
"483","10298708"
"484","11295255"
"485","11323777"
"486","10289938"
"487","10291902"
"488","11281696"
"489","10289078"
"490","11298828"
"491","11296422"
"492","11298825"
"493","11298831"
"494","11281690"
"495","10288638"
"496","11298250"
"497","11298248"
"498","11298249"
"499","11281697"
"500","11296419"
"501","11296425"
"502","11296430"
"503","11323777"
"504","10289938"
"505","10288638"
"506","11298250"
"507","11281697"
"508","11296419"
"509","10298473"
"510","10298471"
"511","10298472"
"512","10298479"
"513","10298470"
"514","11295254"
"515","10291994"
"516","10298798"
"517","10298799"
"518","10298788"
"519","10291919"
"520","10298789"
"521","10291910"
"522","10298634"
"523","11295257"
"524","11300160"
"525","10298474"
"526","10298488"
"527","10298498"
"528","11329398"
"529","10298719"
"530","10288688"
"531","10288698"
"532","10288618"
"533","10288678"
"534","10298538"
"535","10298504"
"536","11325538"
"537","10298420"
"538","10298440"
"539","10298429"
"540","10298449"
"541","10298441"
"542","10291912"
"543","10298469"
"544","10298468"
"545","10298459"
"546","10298718"
"547","11329408"
"548","10298428"
"549","10298458"
"550","10291911"
"551","11298241"
"552","10291998"
"553","11295260"
"554","10298548"
"555","10298558"
"556","10298505"
"557","10298508"
"558","11300250"
"559","10298506"
"560","10298595"
"561","11295256"
"562","10298507"
"563","11283357"
"564","10298788"
"565","10298634"
"566","10288688"
"567","10298420"
"568","10298473"
"569","10298538"
"570","10281948"
"571","10281978"
"572","10291901"
"573","10284988"
"574","10284980"
"575","10291900"
"576","11383033"
"577","11383039"
"578","10284998"
"579","11329382"
"580","11294399"
"581","10284088"
"582","10291905"
"583","10289118"
"584","10291908"
"585","10291906"
"586","10281908"
"587","11296449"
"588","10291997"
"589","11323783"
"590","11323786"
"591","10284078"
"592","11296455"
"593","10284908"
"594","11383036"
"595","11383012"
"596","11383015"
"597","10281938"
"598","10291903"
"599","11294394"
"600","11294390"
"601","11294442"
"602","11383045"
"603","11383048"
"604","10284988"
"605","10291906"
"606","10281948"
"607","11329382"
"608","10289118"
"609","10284078"
"610","10286178"
"611","10286108"
"612","11286803"
"613","10286988"
"614","10291904"
"615","10286078"
"616","11323792"
"617","10286958"
"618","11281693"
"619","10291907"
"620","10289008"
"621","10291991"
"622","10286119"
"623","10289988"
"624","10286118"
"625","10289998"
"626","10289979"
"627","11323767"
"628","11323780"
"629","10286019"
"630","11281745"
"631","11323773"
"632","10286038"
"633","10286908"
"634","11323764"
"635","10291996"
"636","11296460"
"637","10281958"
"638","10291992"
"639","11281686"
"640","10289108"
"641","10281928"
"642","90003405"
"643","90003404"
"644","10289907"
"645","11296472"
"646","11286809"
"647","11296463"
"648","11296466"
"649","10286008"
"650","10286088"
"651","11323770"
"652","11323789"
"653","10291913"
"654","10291990"
"655","10286178"
"656","10286078"
"657","10286019"
"658","10289008"
"659","10286119"
"660","11296460"
"661","10761082"
"662","10761488"
"663","11384811"
"664","10761118"
"665","10761483"
"666","10761063"
"667","11384809"
"668","10761480"
"669","10753853"
"670","10753854"
"671","10761476"
"672","10761048"
"673","11384806"
"674","10761086"
"675","10761479"
"676","10761481"
"677","10752865"
"678","10761494"
"679","10575154"
"680","11384810"
"681","10562805"
"682","10761495"
"683","11384808"
"684","11384767"
"685","10562896"
"686","10761493"
"687","11384804"
"688","10761496"
"689","10576928"
"690","10761473"
"691","11384805"
"692","10761498"
"693","10761474"
"694","10761487"
"695","10761082"
"696","10761480"
"697","10761476"
"698","10761481"
"699","10761479"
"700","10576928"
"701","10562812"
"702","10562848"
"703","10562813"
"704","10761484"
"705","11384768"
"706","10754974"
"707","10204099"
"708","11384807"
"709","90000960"
"710","90000963"
"711","11293261"
"712","10562812"
"713","10562848"
"714","10204099"
"715","11384807"
"716","90000960"
"717","90000963"
"718","10272912"
"719","10272088"
"720","10272998"
"721","10153886"
"722","11324294"
"723","10272081"
"724","10272911"
"725","10272082"
"726","11324291"
"727","11292684"
"728","10153891"
"729","11290114"
"730","11300244"
"731","11383534"
"732","11292052"
"733","10153899"
"734","10153890"
"735","10153887"
"736","10153898"
"737","11384769"
"738","90000650"
"739","11328355"
"740","10272919"
"741","90000646"
"742","90000647"
"743","11295263"
"744","90000621"
"745","90000623"
"746","11289623"
"747","11295266"
"748","90000620"
"749","10272908"
"750","90000624"
"751","90000652"
"752","10272900"
"753","10272901"
"754","11290917"
"755","10761753"
"756","11299154"
"757","90000649"
"758","11292043"
"759","10272940"
"760","90000648"
"761","10272928"
"762","90000651"
"763","90000622"
"764","11292049"
"765","11289624"
"766","11384770"
"767","11295269"
"768","10272968"
"769","10272964"
"770","10272919"
"771","11290917"
"772","10272908"
"773","10272928"
"774","10272912"
"775","10272968"
"776","10298475"
"777","90003011"
"778","90003012"
"779","90003014"
"780","90003013"
"781","10298475"
"782","90003011"
"783","90003012"
"784","90003014"
"785","90003013"
"786","10725992"
"787","10725982"
"788","10725983"
"789","10725990"
"790","10725986"
"791","10725994"
"792","10725993"
"793","10725909"
"794","10725981"
"795","10715340"
"796","11296577"
"797","11293584"
"798","10725913"
"799","10725907"
"800","10725908"
"801","10725917"
"802","10725919"
"803","10725929"
"804","10725924"
"805","10725928"
"806","10725103"
"807","10715225"
"808","10715226"
"809","10725984"
"810","10725989"
"811","10725980"
"812","10725918"
"813","10725102"
"814","10725997"
"815","10725922"
"816","10725992"
"817","10725982"
"818","10725997"
"819","10725922"
"820","10725984"
"821","10725989"
"822","10626488"
"823","11294402"
"824","10724396"
"825","10715227"
"826","90003287"
"827","90003286"
"828","10636328"
"829","10636398"
"830","11294419"
"831","10715297"
"832","11287956"
"833","10715296"
"834","11297574"
"835","10715325"
"836","10715327"
"837","10636468"
"838","10724353"
"839","11294393"
"840","11294397"
"841","10571430"
"842","10714409"
"843","10626488"
"844","11294402"
"845","10636328"
"846","10636398"
"847","10636468"
"848","11294397"
"849","10724373"
"850","10530749"
"851","11297631"
"852","11297634"
"853","10637258"
"854","10724232"
"855","10727799"
"856","10584299"
"857","10550838"
"858","10530749"
"859","11297631"
"860","10724373"
"861","10637258"
"862","10724232"
"863","10584299"
"864","10724484"
"865","10714434"
"866","10629068"
"867","11296844"
"868","11296843"
"869","11296845"
"870","10622358"
"871","10529890"
"872","10637068"
"873","10724484"
"874","10714434"
"875","10629068"
"876","10622358"
"877","10529890"
"878","10637068"
"879","90000663"
"880","11297628"
"881","90000664"
"882","11327410"
"883","11327416"
"884","11327413"
"885","10715206"
"886","10715216"
"887","10715217"
"888","10715220"
"889","10715229"
"890","10715263"
"891","11297622"
"892","11297625"
"893","10724437"
"894","10724747"
"895","11296594"
"896","11327407"
"897","11327196"
"898","90001911"
"899","90001912"
"900","11295807"
"901","10715043"
"902","10715058"
"903","10715059"
"904","10724747"
"905","11296594"
"906","90000663"
"907","11327410"
"908","90001911"
"909","10715043"
"910","10511693"
"911","10511694"
"912","10511695"
"913","10511686"
"914","10511690"
"915","10561099"
"916","10511691"
"917","11294418"
"918","11294417"
"919","11296581"
"920","10511699"
"921","11290923"
"922","11294412"
"923","11294404"
"924","10580841"
"925","10567634"
"926","10767787"
"927","10657608"
"928","10715329"
"929","10511600"
"930","10561090"
"931","10511685"
"932","10715328"
"933","10511687"
"934","10618868"
"935","10760914"
"936","10760585"
"937","10824367"
"938","10760915"
"939","10762322"
"940","10511609"
"941","10762321"
"942","10511692"
"943","10511697"
"944","10511602"
"945","10714574"
"946","10715256"
"947","10511605"
"948","10511601"
"949","10511603"
"950","10511604"
"951","10511696"
"952","10511687"
"953","10618868"
"954","10511693"
"955","10657608"
"956","10762322"
"957","10511602"
"958","90003291"
"959","90003288"
"960","90003290"
"961","11293444"
"962","10525153"
"963","10525154"
"964","10873780"
"965","90003289"
"966","11293448"
"967","10525155"
"968","10873783"
"969","90002721"
"970","90003291"
"971","90003288"
"972","90003290"
"973","10525155"
"974","10873783"
"975","90002721"
"976","11293150"
"977","10761800"
"978","11293151"
"979","10764031"
"980","10764022"
"981","10764023"
"982","10768673"
"983","11293150"
"984","10761800"
"985","11293151"
"986","10764031"
"987","10764022"
"988","10764023"
"989","10575111"
"990","10562311"
"991","10503781"
"992","10911384"
"993","10768665"
"994","11299669"
"995","11291716"
"996","10698378"
"997","10760273"
"998","10768810"
"999","11294460"
"1000","10562977"
"1001","10761080"
"1002","10768811"
"1003","11327176"
"1004","10761173"
"1005","11383541"
"1006","10760327"
"1007","11291717"
"1008","10562319"
"1009","10433721"
"1010","10762326"
"1011","10764511"
"1012","10768819"
"1013","11294153"
"1014","11282093"
"1015","10768796"
"1016","11383494"
"1017","10765993"
"1018","10844029"
"1019","10511633"
"1020","10511307"
"1021","10511313"
"1022","10547026"
"1023","10511310"
"1024","10511616"
"1025","10511304"
"1026","10511615"
"1027","10511319"
"1028","10952676"
"1029","10511794"
"1030","10547039"
"1031","10547082"
"1032","10575111"
"1033","10562977"
"1034","10760327"
"1035","10562319"
"1036","10768796"
"1037","10844029"
"1038","10440028"
"1039","10768786"
"1040","11294159"
"1041","10764931"
"1042","10575700"
"1043","10440048"
"1044","10764762"
"1045","10760275"
"1046","11326121"
"1047","10575701"
"1048","10760536"
"1049","10767791"
"1050","10762360"
"1051","10768225"
"1052","10760118"
"1053","10761171"
"1054","10760119"
"1055","10059468"
"1056","10768591"
"1057","10760237"
"1058","10575872"
"1059","10422548"
"1060","10913238"
"1061","10969971"
"1062","10913248"
"1063","10422438"
"1064","10422418"
"1065","10969970"
"1066","10510617"
"1067","10422428"
"1068","10511502"
"1069","10511514"
"1070","10511513"
"1071","10510616"
"1072","10969906"
"1073","10511653"
"1074","10511659"
"1075","10511732"
"1076","10844011"
"1077","10844013"
"1078","10440028"
"1079","10768786"
"1080","10762360"
"1081","10768225"
"1082","10913238"
"1083","10510616"
"1084","10968864"
"1085","10511522"
"1086","10760877"
"1087","10968861"
"1088","10511669"
"1089","10952747"
"1090","10511524"
"1091","10511652"
"1092","10964837"
"1093","10964836"
"1094","10511640"
"1095","10943676"
"1096","10952675"
"1097","10968864"
"1098","10511522"
"1099","10968861"
"1100","10511669"
"1101","10952747"
"1102","10964837"
"1103","10545972"
"1104","11326979"
"1105","10761933"
"1106","10597153"
"1107","10760192"
"1108","11326974"
"1109","10511855"
"1110","10510765"
"1111","10545985"
"1112","10927858"
"1113","10761980"
"1114","10966588"
"1115","10764662"
"1116","10761981"
"1117","10844028"
"1118","10966583"
"1119","10515556"
"1120","10688388"
"1121","10844012"
"1122","10966577"
"1123","10844016"
"1124","10510766"
"1125","11281672"
"1126","11326978"
"1127","10597154"
"1128","11281671"
"1129","10761184"
"1130","10761096"
"1131","11383535"
"1132","10768781"
"1133","10768780"
"1134","10762234"
"1135","10760734"
"1136","10761185"
"1137","11383538"
"1138","10492158"
"1139","10567348"
"1140","10545972"
"1141","10511855"
"1142","10927858"
"1143","10510766"
"1144","10597154"
"1145","10761184"
"1146","10760230"
"1147","11290806"
"1148","10760239"
"1149","10768812"
"1150","11290805"
"1151","11294158"
"1152","10871388"
"1153","10871368"
"1154","10765035"
"1155","10560452"
"1156","10760806"
"1157","10768837"
"1158","10567085"
"1159","11383199"
"1160","11383200"
"1161","10762344"
"1162","10760015"
"1163","10762832"
"1164","10762831"
"1165","10760476"
"1166","10560599"
"1167","10959778"
"1168","10760477"
"1169","10561113"
"1170","10561111"
"1171","10762741"
"1172","10575126"
"1173","10760431"
"1174","10760433"
"1175","10765252"
"1176","10762819"
"1177","10760193"
"1178","90001711"
"1179","90001714"
"1180","90001712"
"1181","90001710"
"1182","90001713"
"1183","11384507"
"1184","11384502"
"1185","10760230"
"1186","11290806"
"1187","10560452"
"1188","10760476"
"1189","10561113"
"1190","90001711"
"1191","10567279"
"1192","10562310"
"1193","10433722"
"1194","10764507"
"1195","10760039"
"1196","10762327"
"1197","10761177"
"1198","10762125"
"1199","10760037"
"1200","11291718"
"1201","10565041"
"1202","11292577"
"1203","10762325"
"1204","10760048"
"1205","10764510"
"1206","10768667"
"1207","11292576"
"1208","11283360"
"1209","10825651"
"1210","10760691"
"1211","11290601"
"1212","11294154"
"1213","10760030"
"1214","10164088"
"1215","10768224"
"1216","10026088"
"1217","10764519"
"1218","11290602"
"1219","10444046"
"1220","10568664"
"1221","10564824"
"1222","10440418"
"1223","10564825"
"1224","10564823"
"1225","10440908"
"1226","10760187"
"1227","10567810"
"1228","10760971"
"1229","11290600"
"1230","10762927"
"1231","10762939"
"1232","10762287"
"1233","10760450"
"1234","10762299"
"1235","10547123"
"1236","11294157"
"1237","10547122"
"1238","10762334"
"1239","10760865"
"1240","10762910"
"1241","11383197"
"1242","10762292"
"1243","10543897"
"1244","10762286"
"1245","11383149"
"1246","10763900"
"1247","10765990"
"1248","10760693"
"1249","10567279"
"1250","10164088"
"1251","10444046"
"1252","10762927"
"1253","10760865"
"1254","10763900"
"1255","10564712"
"1256","10760241"
"1257","10564713"
"1258","10762810"
"1259","10583821"
"1260","11383196"
"1261","10760805"
"1262","10559738"
"1263","10961848"
"1264","10764664"
"1265","10063478"
"1266","10762329"
"1267","10762317"
"1268","10768557"
"1269","10768556"
"1270","10761822"
"1271","10564716"
"1272","10564717"
"1273","10564715"
"1274","10762830"
"1275","11284524"
"1276","10762839"
"1277","11383493"
"1278","10762337"
"1279","10469098"
"1280","10762315"
"1281","10825745"
"1282","10564714"
"1283","10039028"
"1284","10261088"
"1285","10760195"
"1286","10768891"
"1287","10988448"
"1288","11301113"
"1289","10564712"
"1290","10760241"
"1291","10559738"
"1292","10961848"
"1293","10762830"
"1294","10469098"
"1295","10574142"
"1296","10503784"
"1297","10036998"
"1298","10762149"
"1299","10760035"
"1300","10760635"
"1301","10764506"
"1302","10560867"
"1303","10760590"
"1304","10764891"
"1305","10760634"
"1306","10760988"
"1307","10764066"
"1308","10575113"
"1309","10764893"
"1310","10760636"
"1311","10764067"
"1312","11294156"
"1313","10760994"
"1314","10760974"
"1315","10760023"
"1316","10768784"
"1317","11294160"
"1318","11294161"
"1319","10760983"
"1320","10760143"
"1321","10760981"
"1322","10760982"
"1323","10760984"
"1324","10760972"
"1325","10760985"
"1326","10760973"
"1327","10574142"
"1328","10503784"
"1329","10764891"
"1330","10760634"
"1331","10760983"
"1332","10760143"
"1333","10574802"
"1334","10574804"
"1335","10576414"
"1336","10765097"
"1337","10568104"
"1338","10765667"
"1339","10760165"
"1340","10512145"
"1341","10767507"
"1342","10962908"
"1343","10764877"
"1344","10764105"
"1345","10768935"
"1346","10760574"
"1347","10567773"
"1348","10760696"
"1349","10688208"
"1350","10761821"
"1351","10760695"
"1352","10761935"
"1353","11281935"
"1354","10760767"
"1355","10762809"
"1356","10543757"
"1357","10767518"
"1358","10762345"
"1359","10761011"
"1360","10762361"
"1361","10762362"
"1362","11325460"
"1363","10761012"
"1364","11327428"
"1365","11327431"
"1366","10562197"
"1367","10177408"
"1368","10760609"
"1369","10422488"
"1370","10768820"
"1371","11292908"
"1372","10905078"
"1373","10825445"
"1374","10567403"
"1375","10768521"
"1376","10760640"
"1377","10760603"
"1378","10760679"
"1379","90003710"
"1380","90003711"
"1381","90003712"
"1382","11299269"
"1383","11299272"
"1384","10761002"
"1385","10768968"
"1386","10541068"
"1387","10762392"
"1388","10760400"
"1389","10524973"
"1390","10542928"
"1391","10762384"
"1392","10543393"
"1393","10760063"
"1394","10565565"
"1395","10762079"
"1396","10763924"
"1397","10762359"
"1398","10762350"
"1399","11326781"
"1400","10762301"
"1401","11326782"
"1402","10762196"
"1403","90002810"
"1404","10760114"
"1405","10762393"
"1406","10760053"
"1407","10567383"
"1408","10765366"
"1409","10767654"
"1410","10543391"
"1411","10762390"
"1412","10762269"
"1413","10762260"
"1414","10760401"
"1415","10763921"
"1416","11329413"
"1417","10543392"
"1418","10767653"
"1419","10898408"
"1420","10762857"
"1421","10760711"
"1422","10762869"
"1423","10767693"
"1424","10762382"
"1425","10760927"
"1426","11329379"
"1427","10762381"
"1428","10762072"
"1429","10564557"
"1430","10760948"
"1431","10760949"
"1432","10760529"
"1433","10762395"
"1434","10930228"
"1435","10543390"
"1436","10565561"
"1437","10762820"
"1438","10760007"
"1439","10565552"
"1440","10760937"
"1441","10762396"
"1442","10768687"
"1443","10762109"
"1444","10762394"
"1445","10762397"
"1446","10762840"
"1447","11299674"
"1448","11355865"
"1449","10762186"
"1450","11326783"
"1451","90002020"
"1452","90002021"
"1453","10763922"
"1454","10763923"
"1455","90002023"
"1456","10762837"
"1457","10762187"
"1458","10762199"
"1459","10778615"
"1460","10778627"
"1461","10762300"
"1462","10760053"
"1463","10762072"
"1464","10768968"
"1465","10574802"
"1466","10760696"
"1467","10562197"
"1468","10564710"
"1469","10568662"
"1470","10568972"
"1471","10565781"
"1472","11383195"
"1473","10760804"
"1474","10563253"
"1475","10568063"
"1476","10493878"
"1477","11298873"
"1478","10564669"
"1479","10547139"
"1480","10565191"
"1481","10765466"
"1482","10760034"
"1483","10510787"
"1484","10760326"
"1485","10533959"
"1486","10564710"
"1487","10568662"
"1488","10760804"
"1489","10563253"
"1490","10564669"
"1491","10547139"
"1492","10564503"
"1493","10583801"
"1494","10005358"
"1495","10567923"
"1496","10760731"
"1497","10551886"
"1498","11299672"
"1499","10567912"
"1500","10476848"
"1501","10578483"
"1502","10578482"
"1503","10573749"
"1504","11299671"
"1505","11298204"
"1506","10762364"
"1507","10848038"
"1508","10762210"
"1509","10551887"
"1510","11299670"
"1511","10603548"
"1512","10937728"
"1513","10989928"
"1514","10564984"
"1515","10384983"
"1516","10567183"
"1517","10571913"
"1518","10762735"
"1519","10767725"
"1520","10825991"
"1521","10578667"
"1522","10760526"
"1523","10618328"
"1524","10761936"
"1525","10583820"
"1526","10660208"
"1527","10564983"
"1528","10989148"
"1529","10768814"
"1530","10768934"
"1531","10989018"
"1532","10564981"
"1533","10989008"
"1534","10989938"
"1535","10564982"
"1536","10761754"
"1537","10564985"
"1538","10563849"
"1539","10671398"
"1540","10989918"
"1541","10564980"
"1542","10989038"
"1543","10768402"
"1544","10494568"
"1545","10560496"
"1546","11299120"
"1547","10564974"
"1548","11300319"
"1549","10761052"
"1550","10564977"
"1551","10564976"
"1552","10564975"
"1553","10660118"
"1554","10760435"
"1555","10768154"
"1556","10768479"
"1557","10768921"
"1558","10760274"
"1559","11292913"
"1560","11384827"
"1561","11384830"
"1562","11384824"
"1563","10564503"
"1564","10603548"
"1565","10989148"
"1566","10563849"
"1567","10564974"
"1568","10760274"
"1569","10254968"
"1570","10254911"
"1571","10254961"
"1572","10454991"
"1573","10254912"
"1574","10454905"
"1575","11328082"
"1576","10254073"
"1577","10254969"
"1578","11328083"
"1579","10254910"
"1580","10761758"
"1581","10454987"
"1582","10254901"
"1583","10742686"
"1584","10254916"
"1585","10454992"
"1586","10254962"
"1587","11328077"
"1588","10254921"
"1589","11328085"
"1590","10575466"
"1591","10254952"
"1592","10254954"
"1593","10254955"
"1594","10164913"
"1595","10254953"
"1596","10454910"
"1597","10254965"
"1598","10254070"
"1599","10454904"
"1600","10254930"
"1601","10454918"
"1602","10254900"
"1603","10254908"
"1604","10254918"
"1605","10254902"
"1606","10754982"
"1607","10754981"
"1608","10454911"
"1609","11328086"
"1610","10454906"
"1611","11328076"
"1612","10164927"
"1613","10254915"
"1614","10254942"
"1615","10761768"
"1616","10454999"
"1617","10454915"
"1618","10254999"
"1619","11328075"
"1620","10254079"
"1621","10576366"
"1622","10254909"
"1623","10254936"
"1624","10454919"
"1625","10254903"
"1626","10254071"
"1627","10254922"
"1628","10164944"
"1629","10254997"
"1630","10454907"
"1631","10838899"
"1632","11328084"
"1633","10254072"
"1634","10454990"
"1635","11328080"
"1636","10254906"
"1637","10575465"
"1638","10254966"
"1639","10164930"
"1640","10254994"
"1641","10454998"
"1642","10254929"
"1643","10454986"
"1644","10254963"
"1645","10254914"
"1646","10254931"
"1647","10254949"
"1648","11328079"
"1649","10254937"
"1650","10575570"
"1651","10254917"
"1652","10254927"
"1653","10254904"
"1654","10454903"
"1655","10254941"
"1656","10254933"
"1657","10254967"
"1658","10254992"
"1659","10254951"
"1660","10254925"
"1661","10254990"
"1662","10254968"
"1663","10575466"
"1664","10254079"
"1665","10761758"
"1666","10574519"
"1667","10761750"
"1668","10761759"
"1669","10761280"
"1670","10768600"
"1671","10561050"
"1672","10561053"
"1673","10561051"
"1674","10551938"
"1675","10645638"
"1676","10753863"
"1677","10345118"
"1678","10562341"
"1679","10764757"
"1680","10680888"
"1681","10765505"
"1682","10499588"
"1683","10765423"
"1684","10765420"
"1685","10574519"
"1686","10761750"
"1687","10561050"
"1688","10551938"
"1689","10761878"
"1690","10574091"
"1691","10575600"
"1692","11296417"
"1693","10574092"
"1694","10560865"
"1695","10761136"
"1696","10765163"
"1697","10764802"
"1698","10753864"
"1699","10764803"
"1700","10560557"
"1701","11328081"
"1702","10765146"
"1703","10562429"
"1704","10562414"
"1705","10768086"
"1706","11328017"
"1707","10959638"
"1708","10765411"
"1709","10959628"
"1710","10761878"
"1711","10574091"
"1712","10761136"
"1713","10765163"
"1714","10765146"
"1715","10562429"
"1716","90003000"
"1717","90003005"
"1718","90003002"
"1719","90003015"
"1720","90003003"
"1721","90003007"
"1722","90003001"
"1723","90003006"
"1724","90003004"
"1725","90003016"
"1726","90003000"
"1727","90003005"
"1728","90003002"
"1729","90003003"
"1730","90003007"
"1731","90003001"
"1732","10241842"
"1733","10241843"
"1734","10272969"
"1735","11325469"
"1736","11325470"
"1737","11326200"
"1738","10241849"
"1739","10241841"
"1740","10252057"
"1741","10241842"
"1742","10241843"
"1743","10272969"
"1744","10241849"
"1745","10241841"
"1746","10252057"
"1747","10762931"
"1748","10760507"
"1749","10761823"
"1750","10762935"
"1751","10760504"
"1752","11324840"
"1753","10761824"
"1754","10761840"
"1755","10762930"
"1756","10762934"
"1757","10761842"
"1758","10568980"
"1759","10760505"
"1760","11326120"
"1761","10761826"
"1762","10762932"
"1763","11324839"
"1764","10761825"
"1765","10772972"
"1766","10760506"
"1767","10762933"
"1768","10760665"
"1769","10760130"
"1770","10761827"
"1771","10772971"
"1772","10760663"
"1773","10761851"
"1774","10725284"
"1775","10761859"
"1776","11327977"
"1777","10568981"
"1778","10760289"
"1779","10762089"
"1780","10761849"
"1781","10766144"
"1782","11383501"
"1783","11383502"
"1784","11383503"
"1785","10761841"
"1786","10761847"
"1787","11298365"
"1788","11298372"
"1789","11324834"
"1790","11324833"
"1791","11327976"
"1792","10761830"
"1793","10725280"
"1794","10761850"
"1795","11383497"
"1796","11298371"
"1797","10760505"
"1798","10762931"
"1799","10760504"
"1800","10760130"
"1801","10568981"
"1802","10761841"
"1803","10760618"
"1804","10762081"
"1805","10762050"
"1806","10761831"
"1807","10763977"
"1808","11291191"
"1809","10760358"
"1810","10762059"
"1811","10760674"
"1812","11290804"
"1813","10762082"
"1814","10761832"
"1815","10763976"
"1816","10762080"
"1817","10760029"
"1818","10772970"
"1819","11300015"
"1820","11291190"
"1821","10762051"
"1822","10760670"
"1823","10762083"
"1824","10762047"
"1825","10761833"
"1826","10761834"
"1827","10760673"
"1828","10762336"
"1829","10763975"
"1830","10760020"
"1831","11298370"
"1832","11298369"
"1833","10761906"
"1834","10768533"
"1835","10760687"
"1836","10760675"
"1837","10761836"
"1838","10761835"
"1839","11292916"
"1840","10725285"
"1841","10565973"
"1842","10576080"
"1843","10761907"
"1844","10762052"
"1845","10762046"
"1846","10760511"
"1847","10761843"
"1848","10560234"
"1849","10761844"
"1850","10560236"
"1851","10762066"
"1852","11298184"
"1853","11298183"
"1854","11298373"
"1855","10764830"
"1856","10761837"
"1857","10760839"
"1858","10760671"
"1859","11298182"
"1860","11298185"
"1861","90003008"
"1862","10760521"
"1863","10760522"
"1864","10560235"
"1865","10760618"
"1866","10760358"
"1867","10762051"
"1868","10761906"
"1869","10565973"
"1870","10761844"
"1871","10761956"
"1872","10560166"
"1873","10619248"
"1874","10760724"
"1875","10768749"
"1876","10760271"
"1877","10768139"
"1878","10760259"
"1879","11383148"
"1880","10760278"
"1881","10560167"
"1882","10760336"
"1883","10761037"
"1884","10768506"
"1885","10768897"
"1886","10768808"
"1887","10760335"
"1888","10768502"
"1889","10768703"
"1890","11292918"
"1891","10987708"
"1892","10987738"
"1893","10761862"
"1894","11383500"
"1895","11298181"
"1896","11298177"
"1897","10761046"
"1898","10767736"
"1899","10760028"
"1900","10767748"
"1901","10761940"
"1902","10761881"
"1903","10760535"
"1904","10618878"
"1905","10762911"
"1906","10762136"
"1907","10618858"
"1908","11290807"
"1909","11292022"
"1910","10760716"
"1911","10761956"
"1912","10560166"
"1913","10768502"
"1914","10761046"
"1915","10618858"
"1916","10760716"
"1917","10760874"
"1918","10760879"
"1919","11292917"
"1920","10583824"
"1921","10761954"
"1922","10760873"
"1923","10760872"
"1924","11299982"
"1925","10760905"
"1926","10760474"
"1927","10760190"
"1928","10565404"
"1929","10565499"
"1930","10762991"
"1931","10552687"
"1932","10760870"
"1933","10762744"
"1934","11291188"
"1935","10760236"
"1936","10184668"
"1937","10762993"
"1938","10760874"
"1939","10761954"
"1940","10760872"
"1941","10760905"
"1942","10760870"
"1943","10760236"
"1944","10762990"
"1945","11299981"
"1946","10768130"
"1947","10503669"
"1948","10768503"
"1949","10761065"
"1950","11292915"
"1951","11383498"
"1952","10765597"
"1953","10760367"
"1954","10760159"
"1955","11292910"
"1956","11300010"
"1957","11300014"
"1958","10583825"
"1959","11292912"
"1960","11297487"
"1961","10760150"
"1962","10762914"
"1963","10761949"
"1964","10762975"
"1965","10760147"
"1966","10760158"
"1967","10547121"
"1968","11300008"
"1969","11383499"
"1970","11280128"
"1971","11298187"
"1972","10760527"
"1973","10762990"
"1974","10503669"
"1975","10765597"
"1976","10762914"
"1977","10760147"
"1978","10760158"
"1979","10767262"
"1980","10760167"
"1981","10762335"
"1982","11383496"
"1983","11291184"
"1984","10762977"
"1985","10760508"
"1986","10761864"
"1987","11300013"
"1988","10761999"
"1989","11292911"
"1990","10762982"
"1991","10762972"
"1992","10761869"
"1993","10565910"
"1994","10760146"
"1995","10764494"
"1996","10761856"
"1997","10761867"
"1998","10761857"
"1999","11298188"
"2000","10762974"
"2001","10565904"
"2002","11298368"
"2003","10761854"
"2004","10762985"
"2005","10761853"
"2006","11298367"
"2007","10761855"
"2008","11298366"
"2009","10762902"
"2010","10762976"
"2011","10761861"
"2012","10761860"
"2013","10762992"
"2014","10525230"
"2015","10762904"
"2016","10772979"
"2017","10762999"
"2018","10762970"
"2019","10762724"
"2020","10762987"
"2021","10762971"
"2022","10767262"
"2023","10761869"
"2024","11298368"
"2025","10761861"
"2026","10772979"
"2027","10762999"
"2028","10761152"
"2029","10594965"
"2030","11296848"
"2031","11290920"
"2032","10761154"
"2033","10594964"
"2034","11299155"
"2035","11299159"
"2036","11299156"
"2037","11299158"
"2038","11299157"
"2039","10594963"
"2040","11290914"
"2041","10754990"
"2042","10760646"
"2043","10762145"
"2044","10754987"
"2045","10762159"
"2046","10760651"
"2047","10760644"
"2048","10762144"
"2049","10568027"
"2050","10760657"
"2051","10760650"
"2052","10760882"
"2053","10760655"
"2054","10768802"
"2055","10768577"
"2056","10762152"
"2057","10754991"
"2058","10762151"
"2059","10762143"
"2060","10761050"
"2061","10768581"
"2062","10760653"
"2063","10762153"
"2064","10760669"
"2065","10762165"
"2066","10762147"
"2067","10754992"
"2068","10754998"
"2069","10760658"
"2070","10761045"
"2071","10760649"
"2072","10761151"
"2073","10761153"
"2074","11296586"
"2075","10760594"
"2076","10762150"
"2077","10760647"
"2078","10754985"
"2079","10762146"
"2080","10760654"
"2081","11296587"
"2082","11326072"
"2083","11326068"
"2084","10761152"
"2085","10754990"
"2086","10760657"
"2087","10768581"
"2088","10760669"
"2089","10761045"
"2090","10760735"
"2091","10760737"
"2092","10760736"
"2093","11296847"
"2094","10762291"
"2095","11296846"
"2096","11384833"
"2097","11384836"
"2098","10760740"
"2099","10760745"
"2100","10762290"
"2101","11356038"
"2102","11284559"
"2103","11296857"
"2104","11296859"
"2105","11287093"
"2106","11287102"
"2107","10768120"
"2108","10760743"
"2109","11287084"
"2110","10761928"
"2111","10454901"
"2112","10454902"
"2113","10768671"
"2114","10761058"
"2115","10976358"
"2116","90003402"
"2117","10761943"
"2118","10761945"
"2119","90003401"
"2120","10761948"
"2121","11355902"
"2122","10976588"
"2123","90003400"
"2124","10976529"
"2125","11355898"
"2126","10573428"
"2127","10524181"
"2128","10512987"
"2129","11293166"
"2130","10164923"
"2131","10772973"
"2132","11298186"
"2133","11326111"
"2134","10762086"
"2135","10762087"
"2136","11322285"
"2137","11322287"
"2138","11322286"
"2139","10762085"
"2140","10762319"
"2141","10761299"
"2142","11296849"
"2143","10769725"
"2144","10264052"
"2145","10264060"
"2146","11296854"
"2147","10761291"
"2148","11296861"
"2149","10698688"
"2150","11296850"
"2151","10754989"
"2152","10264068"
"2153","10769724"
"2154","11328010"
"2155","11328012"
"2156","11296851"
"2157","10264061"
"2158","10922088"
"2159","11383508"
"2160","10761298"
"2161","11328011"
"2162","11383174"
"2163","11384626"
"2164","11384821"
"2165","11384792"
"2166","11384818"
"2167","11296856"
"2168","11296855"
"2169","10761290"
"2170","10760741"
"2171","10264054"
"2172","10772973"
"2173","10760735"
"2174","10768120"
"2175","10760743"
"2176","10761928"
"2177","10762085"
"2178","10512792"
"2179","10572577"
"2180","10543799"
"2181","10595975"
"2182","10512139"
"2183","10580701"
"2184","10511176"
"2185","11294436"
"2186","11299161"
"2187","10584936"
"2188","10584942"
"2189","10969729"
"2190","10543554"
"2191","10512792"
"2192","10572577"
"2193","10543799"
"2194","10584936"
"2195","10584942"
"2196","10969729"
"2197","10573851"
"2198","10572552"
"2199","10573453"
"2200","10547396"
"2201","10573450"
"2202","10584374"
"2203","10589619"
"2204","10543525"
"2205","11294435"
"2206","10543523"
"2207","10584906"
"2208","10965320"
"2209","10573452"
"2210","10543521"
"2211","11292030"
"2212","10674584"
"2213","10543536"
"2214","10674583"
"2215","10543527"
"2216","10543537"
"2217","11294433"
"2218","10512130"
"2219","11294434"
"2220","10589171"
"2221","10543529"
"2222","10524002"
"2223","10589464"
"2224","10511175"
"2225","10565066"
"2226","10543520"
"2227","10589894"
"2228","11299160"
"2229","11281891"
"2230","10512231"
"2231","10580737"
"2232","10543550"
"2233","10543232"
"2234","10511177"
"2235","10674950"
"2236","10543551"
"2237","10595982"
"2238","10543559"
"2239","90001703"
"2240","90001702"
"2241","10595983"
"2242","10512240"
"2243","10512241"
"2244","10584374"
"2245","10543523"
"2246","10589171"
"2247","10565066"
"2248","10512231"
"2249","10512240"
"2250","10674402"
"2251","10674403"
"2252","10110228"
"2253","10068458"
"2254","10543555"
"2255","10543549"
"2256","10595089"
"2257","11292029"
"2258","10824415"
"2259","10573437"
"2260","10512235"
"2261","10543543"
"2262","10543542"
"2263","11299422"
"2264","10567249"
"2265","10674401"
"2266","10567241"
"2267","10965281"
"2268","10543544"
"2269","10573110"
"2270","10674402"
"2271","10674403"
"2272","10824415"
"2273","10573437"
"2274","10567249"
"2275","10674401"
"2276","10595995"
"2277","10595994"
"2278","10595029"
"2279","10511676"
"2280","10595021"
"2281","10595976"
"2282","11299126"
"2283","10595997"
"2284","10595044"
"2285","10595989"
"2286","10595996"
"2287","10595995"
"2288","10595994"
"2289","10595029"
"2290","10511676"
"2291","10595021"
"2292","10595976"
"2293","10543872"
"2294","10524941"
"2295","10524942"
"2296","10543767"
"2297","10589762"
"2298","10583823"
"2299","10524985"
"2300","10589504"
"2301","11323883"
"2302","10543872"
"2303","10524941"
"2304","10524942"
"2305","10543767"
"2306","10524985"
"2307","10589504"
"2308","10543249"
"2309","10964251"
"2310","10595970"
"2311","11325459"
"2312","10595085"
"2313","10583899"
"2314","11356050"
"2315","10547224"
"2316","11356051"
"2317","10512302"
"2318","11283822"
"2319","11283823"
"2320","10512301"
"2321","10595979"
"2322","10525906"
"2323","10512303"
"2324","11282236"
"2325","10543240"
"2326","10543241"
"2327","10595971"
"2328","10543249"
"2329","10964251"
"2330","10583899"
"2331","11356050"
"2332","10512303"
"2333","10595971"
"2334","10525344"
"2335","10543222"
"2336","10580374"
"2337","10543871"
"2338","10511724"
"2339","10901738"
"2340","10543300"
"2341","10543223"
"2342","10525342"
"2343","10580050"
"2344","10834483"
"2345","10511723"
"2346","10584947"
"2347","10525345"
"2348","10511103"
"2349","11298205"
"2350","10543870"
"2351","10543879"
"2352","10543224"
"2353","10525343"
"2354","10567236"
"2355","10543254"
"2356","10986568"
"2357","10543253"
"2358","10524047"
"2359","11298206"
"2360","10918008"
"2361","11299673"
"2362","10674466"
"2363","10674465"
"2364","10543302"
"2365","10543301"
"2366","11383559"
"2367","11383533"
"2368","10589803"
"2369","10543382"
"2370","10543381"
"2371","10442678"
"2372","10525157"
"2373","10595904"
"2374","10595905"
"2375","10457888"
"2376","10589872"
"2377","10595919"
"2378","10525344"
"2379","10543223"
"2380","10511723"
"2381","10567236"
"2382","10524047"
"2383","10674466"
"2384","10580266"
"2385","10511106"
"2386","10543884"
"2387","10543453"
"2388","10543246"
"2389","10674573"
"2390","11383602"
"2391","10603088"
"2392","11383603"
"2393","10525920"
"2394","10543225"
"2395","10580267"
"2396","10543227"
"2397","10674035"
"2398","10543244"
"2399","10674037"
"2400","10543595"
"2401","10674034"
"2402","10589661"
"2403","10543245"
"2404","10580266"
"2405","10511106"
"2406","10543884"
"2407","10543453"
"2408","10589661"
"2409","10543245"
"2410","10968192"
"2411","10510577"
"2412","10511822"
"2413","10968194"
"2414","10510732"
"2415","10964219"
"2416","10511800"
"2417","10515994"
"2418","10525140"
"2419","10968193"
"2420","10511873"
"2421","11281788"
"2422","10512949"
"2423","10511811"
"2424","10511812"
"2425","11299153"
"2426","10543305"
"2427","11299152"
"2428","90002010"
"2429","90002011"
"2430","90002012"
"2431","10595926"
"2432","10595923"
"2433","10595925"
"2434","10514820"
"2435","11295624"
"2436","10511842"
"2437","11295623"
"2438","10964053"
"2439","10583891"
"2440","11298193"
"2441","10511841"
"2442","10511840"
"2443","10512999"
"2444","10543532"
"2445","10512990"
"2446","10583956"
"2447","10964218"
"2448","10968143"
"2449","10511813"
"2450","10674449"
"2451","10968192"
"2452","10525140"
"2453","10511811"
"2454","10595926"
"2455","10514820"
"2456","10511841"
"2457","10512945"
"2458","10510253"
"2459","10512951"
"2460","10512251"
"2461","10512246"
"2462","10565832"
"2463","11298196"
"2464","11296548"
"2465","10512950"
"2466","10512250"
"2467","10989558"
"2468","10512952"
"2469","10514625"
"2470","10514409"
"2471","10512245"
"2472","10525142"
"2473","10565833"
"2474","11296542"
"2475","10512946"
"2476","10512199"
"2477","10512953"
"2478","10185198"
"2479","10512291"
"2480","10059048"
"2481","10510760"
"2482","10512954"
"2483","10510761"
"2484","10512955"
"2485","10510762"
"2486","10824452"
"2487","10577915"
"2488","10965049"
"2489","10969907"
"2490","10512956"
"2491","11385353"
"2492","10113758"
"2493","10113878"
"2494","10113768"
"2495","10924788"
"2496","10511626"
"2497","10512957"
"2498","11289444"
"2499","10512946"
"2500","10512950"
"2501","10059048"
"2502","10969907"
"2503","10113758"
"2504","10511626"
"2505","10966492"
"2506","10512921"
"2507","10512917"
"2508","10583885"
"2509","10514402"
"2510","10512293"
"2511","10969301"
"2512","11283361"
"2513","10525149"
"2514","10966493"
"2515","10512295"
"2516","10512916"
"2517","90001700"
"2518","10512927"
"2519","10512176"
"2520","10512281"
"2521","10512920"
"2522","10512939"
"2523","10512991"
"2524","10966491"
"2525","10512922"
"2526","10512929"
"2527","10514461"
"2528","10512969"
"2529","10514460"
"2530","10525904"
"2531","10514456"
"2532","10579279"
"2533","10389958"
"2534","10510331"
"2535","10514419"
"2536","10512930"
"2537","10969706"
"2538","90001701"
"2539","10355858"
"2540","11298055"
"2541","10966492"
"2542","10525149"
"2543","10512939"
"2544","10966491"
"2545","10514461"
"2546","10389958"
"2547","10510561"
"2548","90000411"
"2549","10512001"
"2550","10510322"
"2551","10512944"
"2552","10511980"
"2553","10575416"
"2554","10512941"
"2555","10512943"
"2556","90002301"
"2557","11284790"
"2558","11284787"
"2559","10511975"
"2560","10512935"
"2561","10580703"
"2562","10824578"
"2563","10514496"
"2564","10824453"
"2565","10824579"
"2566","10512186"
"2567","10511561"
"2568","10543064"
"2569","10689868"
"2570","10343758"
"2571","10510561"
"2572","90000411"
"2573","10512001"
"2574","10511975"
"2575","10512186"
"2576","10343758"
"2577","10574169"
"2578","10572665"
"2579","10567146"
"2580","10563315"
"2581","10550672"
"2582","10589164"
"2583","10589165"
"2584","10589166"
"2585","10550679"
"2586","10580742"
"2587","10589479"
"2588","10584007"
"2589","10595903"
"2590","10504419"
"2591","10075548"
"2592","10571691"
"2593","10814982"
"2594","10567153"
"2595","10567154"
"2596","11298208"
"2597","10461508"
"2598","10589843"
"2599","10581014"
"2600","10734608"
"2601","11292921"
"2602","10574169"
"2603","10550672"
"2604","10504419"
"2605","10075548"
"2606","10461508"
"2607","10734608"
"2608","10472818"
"2609","10674130"
"2610","10572558"
"2611","10674280"
"2612","10580860"
"2613","11281669"
"2614","10473988"
"2615","11298837"
"2616","10567441"
"2617","11298521"
"2618","11298864"
"2619","11298867"
"2620","10580064"
"2621","11298834"
"2622","10572726"
"2623","10525020"
"2624","10580207"
"2625","10913508"
"2626","10580061"
"2627","10473998"
"2628","11290818"
"2629","11298846"
"2630","11298840"
"2631","10567443"
"2632","10674131"
"2633","10674281"
"2634","10580861"
"2635","10562223"
"2636","10547269"
"2637","11290606"
"2638","10814014"
"2639","11281516"
"2640","11289999"
"2641","10572727"
"2642","10583967"
"2643","10572732"
"2644","10913578"
"2645","10603898"
"2646","11298843"
"2647","10576896"
"2648","10589858"
"2649","10814019"
"2650","11298858"
"2651","10580866"
"2652","10572731"
"2653","11298870"
"2654","11298855"
"2655","11298849"
"2656","10913468"
"2657","11298861"
"2658","11298852"
"2659","10525374"
"2660","10525373"
"2661","10472818"
"2662","10580064"
"2663","10572726"
"2664","10567443"
"2665","10572727"
"2666","10576896"
"2667","10567452"
"2668","10674375"
"2669","11298190"
"2670","11385232"
"2671","10580702"
"2672","10567453"
"2673","10674374"
"2674","10525146"
"2675","10573597"
"2676","10361278"
"2677","10579376"
"2678","10589845"
"2679","10580107"
"2680","11300161"
"2681","10589846"
"2682","10583836"
"2683","11298195"
"2684","10573516"
"2685","10511554"
"2686","11300162"
"2687","10573515"
"2688","10580834"
"2689","10580637"
"2690","11299108"
"2691","10567452"
"2692","10580702"
"2693","10579376"
"2694","10589846"
"2695","10573516"
"2696","10573515"
"2697","10583887"
"2698","11299182"
"2699","11299111"
"2700","10575546"
"2701","10580190"
"2702","11299123"
"2703","10580199"
"2704","10583887"
"2705","11299182"
"2706","11299111"
"2707","10580190"
"2708","11299123"
"2709","10580199"
"2710","10561921"
"2711","10582822"
"2712","10511631"
"2713","11281795"
"2714","11297849"
"2715","10543711"
"2716","11297850"
"2717","11282091"
"2718","10567450"
"2719","10111648"
"2720","10582821"
"2721","10589529"
"2722","10589852"
"2723","10512049"
"2724","10495438"
"2725","10561921"
"2726","10582822"
"2727","10511631"
"2728","10567450"
"2729","10111648"
"2730","10495438"
"2731","10512180"
"2732","11283566"
"2733","10584914"
"2734","10583893"
"2735","10584073"
"2736","10580784"
"2737","10525103"
"2738","10543787"
"2739","10589455"
"2740","10584253"
"2741","10543783"
"2742","10511896"
"2743","10543784"
"2744","10543781"
"2745","10589453"
"2746","10913548"
"2747","10580856"
"2748","10674369"
"2749","10543791"
"2750","11297845"
"2751","11281587"
"2752","10543739"
"2753","10512203"
"2754","10543782"
"2755","10814194"
"2756","11298876"
"2757","10589629"
"2758","10589616"
"2759","10589615"
"2760","10589617"
"2761","10512032"
"2762","11284570"
"2763","10512033"
"2764","10567911"
"2765","10580863"
"2766","10580335"
"2767","10580862"
"2768","11284542"
"2769","11284536"
"2770","11284565"
"2771","10580553"
"2772","10580320"
"2773","10512313"
"2774","90002030"
"2775","10511553"
"2776","10580554"
"2777","11290819"
"2778","90002031"
"2779","11284583"
"2780","11284574"
"2781","10525381"
"2782","10511550"
"2783","90002033"
"2784","10581089"
"2785","10589362"
"2786","11284556"
"2787","11284532"
"2788","11284525"
"2789","10584914"
"2790","10543787"
"2791","10589629"
"2792","10512032"
"2793","10580553"
"2794","11284583"
"2795","10573561"
"2796","10580340"
"2797","10567180"
"2798","10674289"
"2799","10567189"
"2800","10525161"
"2801","10584212"
"2802","10584982"
"2803","10512266"
"2804","10567175"
"2805","10567179"
"2806","10567174"
"2807","10589412"
"2808","10674085"
"2809","10573671"
"2810","10674086"
"2811","10567177"
"2812","10543106"
"2813","10674083"
"2814","10674082"
"2815","10571422"
"2816","10543183"
"2817","10994468"
"2818","10573561"
"2819","10580340"
"2820","10567175"
"2821","10567179"
"2822","10567177"
"2823","10994468"
"2824","10582870"
"2825","10582894"
"2826","10580996"
"2827","10589855"
"2828","10582893"
"2829","10580995"
"2830","10525099"
"2831","10562988"
"2832","10582891"
"2833","10582890"
"2834","10543452"
"2835","11282096"
"2836","10582897"
"2837","10511217"
"2838","10511216"
"2839","11298199"
"2840","11298192"
"2841","11294421"
"2842","11294420"
"2843","11298200"
"2844","11294422"
"2845","11294423"
"2846","10545828"
"2847","11282065"
"2848","10582765"
"2849","10582767"
"2850","10582764"
"2851","10543066"
"2852","10543150"
"2853","10601948"
"2854","10582766"
"2855","10511229"
"2856","10582763"
"2857","10543645"
"2858","10543646"
"2859","10582886"
"2860","10582899"
"2861","11298194"
"2862","10557359"
"2863","10595050"
"2864","10543644"
"2865","11298049"
"2866","10582876"
"2867","10582877"
"2868","10232028"
"2869","10582834"
"2870","11282089"
"2871","10582889"
"2872","10543882"
"2873","10511212"
"2874","10580704"
"2875","10594980"
"2876","10582882"
"2877","10557366"
"2878","10582881"
"2879","10580152"
"2880","10543643"
"2881","11282956"
"2882","11282172"
"2883","10495258"
"2884","10582817"
"2885","10582814"
"2886","10582816"
"2887","10582815"
"2888","11298189"
"2889","10580243"
"2890","10580241"
"2891","10580242"
"2892","10580487"
"2893","11282099"
"2894","10584070"
"2895","10578302"
"2896","10578304"
"2897","11284529"
"2898","10582831"
"2899","10582839"
"2900","10582836"
"2901","11298191"
"2902","11297971"
"2903","10582827"
"2904","11298009"
"2905","10674590"
"2906","11298197"
"2907","11297965"
"2908","11297967"
"2909","10543151"
"2910","10582826"
"2911","10582824"
"2912","11283682"
"2913","11282952"
"2914","11283800"
"2915","11282961"
"2916","11282966"
"2917","11294425"
"2918","11294424"
"2919","10582870"
"2920","10545828"
"2921","10543645"
"2922","10582886"
"2923","10582876"
"2924","10580704"
"2925","10525194"
"2926","11294428"
"2927","11294427"
"2928","10525193"
"2929","10525124"
"2930","10525192"
"2931","11294426"
"2932","10580537"
"2933","11288944"
"2934","11289260"
"2935","11288947"
"2936","11288951"
"2937","11289251"
"2938","11289257"
"2939","11289226"
"2940","11289259"
"2941","11289248"
"2942","11289255"
"2943","10525194"
"2944","11294428"
"2945","11294427"
"2946","11288944"
"2947","11289260"
"2948","11288947"
"2949","10428358"
"2950","10674503"
"2951","10569607"
"2952","10310818"
"2953","10001668"
"2954","11282088"
"2955","10579780"
"2956","10535358"
"2957","10496708"
"2958","10574184"
"2959","10989538"
"2960","10571551"
"2961","10894058"
"2962","10577063"
"2963","10674084"
"2964","10569606"
"2965","10560446"
"2966","10571340"
"2967","10571771"
"2968","10994448"
"2969","10543512"
"2970","10580489"
"2971","10310818"
"2972","10428358"
"2973","10496708"
"2974","10574184"
"2975","10894058"
"2976","10577063"
"2977","10584202"
"2978","10589314"
"2979","10512195"
"2980","10562488"
"2981","10543706"
"2982","11281790"
"2983","10589312"
"2984","10589317"
"2985","10543069"
"2986","10450568"
"2987","10584219"
"2988","10439468"
"2989","10579789"
"2990","10459788"
"2991","10603858"
"2992","10920158"
"2993","10547241"
"2994","10584201"
"2995","10589313"
"2996","10600128"
"2997","10543534"
"2998","10582811"
"2999","10582804"
"3000","10582803"
"3001","10584203"
"3002","10410728"
"3003","10589315"
"3004","10600138"
"3005","10582800"
"3006","10582810"
"3007","10582805"
"3008","10511213"
"3009","10600298"
"3010","10547249"
"3011","10547240"
"3012","10582802"
"3013","10561848"
"3014","10582813"
"3015","10562408"
"3016","10562498"
"3017","10563721"
"3018","10674510"
"3019","10674505"
"3020","10674504"
"3021","10572795"
"3022","10450658"
"3023","10572700"
"3024","10450408"
"3025","10543704"
"3026","10674515"
"3027","10674512"
"3028","10674514"
"3029","10583949"
"3030","10584202"
"3031","10511213"
"3032","10562408"
"3033","10572700"
"3034","10674515"
"3035","10583949"
"3036","10583897"
"3037","10571223"
"3038","11297846"
"3039","11297847"
"3040","90000413"
"3041","11283567"
"3042","11284530"
"3043","10680948"
"3044","11297848"
"3045","10571224"
"3046","10565885"
"3047","11297844"
"3048","10565886"
"3049","10569601"
"3050","10562412"
"3051","10814044"
"3052","10525113"
"3053","10567123"
"3054","10525111"
"3055","11281934"
"3056","10567975"
"3057","10674237"
"3058","10510756"
"3059","10510755"
"3060","10589373"
"3061","10890388"
"3062","10572542"
"3063","10567009"
"3064","11299132"
"3065","10568035"
"3066","10650868"
"3067","10568101"
"3068","10580597"
"3069","10525112"
"3070","10568973"
"3071","10568047"
"3072","10674931"
"3073","11284547"
"3074","10565756"
"3075","10510755"
"3076","10562412"
"3077","10580597"
"3078","10568047"
"3079","10583897"
"3080","10674931"
"3081","10567001"
"3082","10584016"
"3083","10567002"
"3084","10572652"
"3085","10578722"
"3086","10908358"
"3087","10525104"
"3088","10567003"
"3089","10674445"
"3090","10580114"
"3091","10447758"
"3092","10674259"
"3093","10567004"
"3094","10511863"
"3095","10512297"
"3096","10524904"
"3097","10511866"
"3098","10524903"
"3099","11292025"
"3100","10567489"
"3101","10567481"
"3102","10645738"
"3103","10645748"
"3104","10580010"
"3105","10567475"
"3106","10567476"
"3107","10447798"
"3108","10580087"
"3109","10567473"
"3110","10447718"
"3111","10567474"
"3112","10908208"
"3113","10580994"
"3114","10571904"
"3115","10570314"
"3116","10584028"
"3117","10568195"
"3118","10908488"
"3119","10568465"
"3120","10814173"
"3121","10908738"
"3122","10568213"
"3123","10578611"
"3124","10567482"
"3125","10567483"
"3126","10525946"
"3127","10908318"
"3128","10447438"
"3129","10543060"
"3130","10511864"
"3131","10814184"
"3132","10568103"
"3133","10908268"
"3134","10543883"
"3135","10578821"
"3136","10568572"
"3137","10568196"
"3138","10580552"
"3139","10511867"
"3140","10584017"
"3141","10567001"
"3142","10567482"
"3143","10567489"
"3144","10567473"
"3145","10584028"
"3146","10814184"
"3147","10574852"
"3148","10589245"
"3149","10567052"
"3150","10908408"
"3151","10567051"
"3152","10564921"
"3153","10580162"
"3154","10543125"
"3155","10579373"
"3156","11282969"
"3157","10512791"
"3158","11290607"
"3159","10560601"
"3160","10571721"
"3161","10674004"
"3162","10674581"
"3163","10562926"
"3164","10573592"
"3165","10580097"
"3166","10580096"
"3167","10583294"
"3168","10543306"
"3169","10557376"
"3170","10557371"
"3171","10557370"
"3172","10549818"
"3173","10557379"
"3174","10477438"
"3175","10512166"
"3176","10557374"
"3177","10557372"
"3178","10557373"
"3179","10557471"
"3180","10557475"
"3181","10566400"
"3182","10557474"
"3183","10580001"
"3184","10557471"
"3185","10557372"
"3186","10574852"
"3187","10589245"
"3188","10560601"
"3189","10573592"
"3190","10543376"
"3191","10543530"
"3192","10543377"
"3193","10543375"
"3194","10543531"
"3195","10525391"
"3196","10543114"
"3197","10574131"
"3198","11299163"
"3199","11299162"
"3200","10674499"
"3201","10699768"
"3202","10699898"
"3203","10674456"
"3204","11299165"
"3205","11295812"
"3206","10524036"
"3207","10583991"
"3208","10583992"
"3209","10524033"
"3210","10524035"
"3211","11281799"
"3212","10565687"
"3213","10602098"
"3214","10524034"
"3215","10580244"
"3216","10589877"
"3217","10524177"
"3218","10524037"
"3219","10524176"
"3220","90003018"
"3221","90003019"
"3222","10589083"
"3223","10524170"
"3224","10580089"
"3225","10524179"
"3226","10524172"
"3227","10589876"
"3228","90003017"
"3229","10674073"
"3230","10543502"
"3231","10674074"
"3232","10568933"
"3233","10589656"
"3234","10589076"
"3235","10524191"
"3236","10589077"
"3237","10674400"
"3238","10543115"
"3239","10589089"
"3240","10580942"
"3241","10589081"
"3242","10543621"
"3243","10589080"
"3244","10543622"
"3245","10543623"
"3246","10543624"
"3247","10543376"
"3248","10543530"
"3249","10524036"
"3250","10589083"
"3251","10674073"
"3252","10589089"
"3253","10589924"
"3254","10543350"
"3255","10589923"
"3256","10543351"
"3257","10543334"
"3258","10589925"
"3259","10543335"
"3260","10543336"
"3261","10589946"
"3262","10543317"
"3263","10589947"
"3264","10543321"
"3265","10543359"
"3266","10543322"
"3267","10589915"
"3268","10543320"
"3269","10543323"
"3270","10543170"
"3271","10574191"
"3272","10524999"
"3273","10543468"
"3274","10543469"
"3275","90002900"
"3276","10580231"
"3277","11299164"
"3278","10584999"
"3279","10543515"
"3280","90002902"
"3281","10573949"
"3282","11281798"
"3283","10589325"
"3284","10574036"
"3285","10574186"
"3286","10574192"
"3287","10543575"
"3288","10580230"
"3289","10578235"
"3290","11300492"
"3291","10543574"
"3292","10543454"
"3293","10543517"
"3294","11300488"
"3295","90002904"
"3296","10580105"
"3297","10543419"
"3298","10543355"
"3299","10543410"
"3300","10543406"
"3301","10450958"
"3302","10589769"
"3303","10543433"
"3304","11282097"
"3305","10692028"
"3306","10688138"
"3307","10674914"
"3308","10687228"
"3309","10543342"
"3310","10543331"
"3311","10543341"
"3312","10662698"
"3313","10688128"
"3314","10492198"
"3315","10543343"
"3316","10674915"
"3317","10688118"
"3318","10492148"
"3319","10492028"
"3320","10543349"
"3321","10692018"
"3322","10573003"
"3323","10567410"
"3324","10674529"
"3325","10589347"
"3326","10567412"
"3327","10640388"
"3328","10589151"
"3329","10580982"
"3330","10589279"
"3331","10589924"
"3332","10543170"
"3333","10580105"
"3334","10450958"
"3335","10543433"
"3336","10492198"
"3337","10511076"
"3338","10511072"
"3339","10543582"
"3340","10511073"
"3341","10496228"
"3342","10511089"
"3343","10543570"
"3344","10580881"
"3345","10511099"
"3346","10511074"
"3347","10511090"
"3348","10543573"
"3349","10580433"
"3350","10511075"
"3351","10511092"
"3352","10543572"
"3353","10511093"
"3354","10543353"
"3355","10543352"
"3356","10573447"
"3357","10573093"
"3358","10543339"
"3359","10543330"
"3360","10589804"
"3361","10573445"
"3362","10543327"
"3363","10576205"
"3364","10525912"
"3365","10674912"
"3366","10573446"
"3367","11299129"
"3368","10543354"
"3369","10543361"
"3370","11299135"
"3371","11299138"
"3372","10511075"
"3373","10511073"
"3374","10573445"
"3375","10543327"
"3376","11299135"
"3377","11299138"
"3378","10583917"
"3379","10512371"
"3380","10584281"
"3381","10543234"
"3382","10590568"
"3383","11281519"
"3384","10674459"
"3385","10581002"
"3386","10674570"
"3387","10543404"
"3388","10525186"
"3389","11297567"
"3390","11284568"
"3391","10543487"
"3392","10595040"
"3393","10590548"
"3394","10543185"
"3395","10069758"
"3396","10568046"
"3397","10543403"
"3398","10589079"
"3399","10824094"
"3400","10543402"
"3401","10581017"
"3402","10573863"
"3403","10543400"
"3404","11385233"
"3405","10603998"
"3406","10512972"
"3407","11284577"
"3408","10583917"
"3409","10512371"
"3410","10590548"
"3411","10573863"
"3412","10603998"
"3413","10512972"
"3414","10584394"
"3415","10543495"
"3416","10514395"
"3417","10543176"
"3418","10590558"
"3419","10543283"
"3420","11322386"
"3421","10557364"
"3422","10543771"
"3423","10595049"
"3424","10617088"
"3425","10524110"
"3426","10565059"
"3427","10543401"
"3428","10825235"
"3429","10578261"
"3430","10580921"
"3431","11298053"
"3432","10582871"
"3433","10584394"
"3434","10543495"
"3435","10617088"
"3436","10524110"
"3437","10578261"
"3438","10580921"
"3439","10572716"
"3440","10572715"
"3441","10589767"
"3442","10543233"
"3443","10543314"
"3444","11290816"
"3445","10525922"
"3446","10572574"
"3447","10582880"
"3448","10568044"
"3449","10582841"
"3450","10582835"
"3451","10582833"
"3452","10543122"
"3453","10164970"
"3454","10589601"
"3455","10543312"
"3456","10543431"
"3457","11282092"
"3458","10589609"
"3459","10543439"
"3460","11282066"
"3461","10543491"
"3462","10543499"
"3463","10589600"
"3464","10765441"
"3465","10589659"
"3466","10543507"
"3467","10573861"
"3468","10543121"
"3469","10563255"
"3470","10543429"
"3471","10572716"
"3472","10572715"
"3473","10543122"
"3474","10589609"
"3475","10543499"
"3476","10765441"
"3477","10511791"
"3478","10580835"
"3479","10584304"
"3480","10543155"
"3481","10589141"
"3482","10557357"
"3483","10589142"
"3484","10573399"
"3485","10543156"
"3486","11298052"
"3487","11298050"
"3488","11384840"
"3489","10699028"
"3490","10601588"
"3491","10601508"
"3492","10601468"
"3493","10162548"
"3494","10601458"
"3495","10923078"
"3496","10511791"
"3497","10580835"
"3498","10584304"
"3499","10699028"
"3500","10601588"
"3501","10601508"
"3502","10925408"
"3503","10573663"
"3504","10543780"
"3505","10496348"
"3506","10543773"
"3507","10525929"
"3508","10573669"
"3509","10543774"
"3510","10573664"
"3511","10543789"
"3512","10573660"
"3513","10543772"
"3514","10543776"
"3515","10543775"
"3516","10543792"
"3517","10992708"
"3518","10615308"
"3519","10543796"
"3520","10543701"
"3521","10600288"
"3522","10589782"
"3523","10589756"
"3524","10498958"
"3525","10579344"
"3526","10543797"
"3527","10563837"
"3528","10543703"
"3529","10512065"
"3530","10423668"
"3531","10543795"
"3532","10402258"
"3533","10402448"
"3534","10402428"
"3535","10402458"
"3536","10402578"
"3537","10573497"
"3538","10580159"
"3539","10580150"
"3540","10580334"
"3541","10573401"
"3542","10580305"
"3543","10573402"
"3544","10525086"
"3545","10925408"
"3546","10543773"
"3547","10543792"
"3548","10600288"
"3549","10402258"
"3550","10573497"
"3551","10511884"
"3552","10584311"
"3553","10543485"
"3554","10543160"
"3555","10543236"
"3556","10543169"
"3557","10543237"
"3558","10543486"
"3559","10543162"
"3560","10543161"
"3561","10543492"
"3562","10543193"
"3563","11284580"
"3564","10543494"
"3565","11284584"
"3566","11298213"
"3567","11298216"
"3568","10543235"
"3569","10584126"
"3570","10584124"
"3571","10543192"
"3572","10543307"
"3573","10543347"
"3574","10543356"
"3575","10543592"
"3576","10543593"
"3577","10584458"
"3578","10543591"
"3579","10511672"
"3580","10595017"
"3581","10511884"
"3582","10584311"
"3583","10543235"
"3584","10584126"
"3585","10543347"
"3586","10584458"
"3587","10568052"
"3588","10568050"
"3589","10570235"
"3590","10572490"
"3591","10525956"
"3592","10567062"
"3593","10570249"
"3594","10583882"
"3595","10570234"
"3596","10562443"
"3597","10572491"
"3598","10570240"
"3599","10589254"
"3600","10514802"
"3601","10524932"
"3602","10524960"
"3603","10524931"
"3604","10578295"
"3605","10589620"
"3606","10583895"
"3607","10589621"
"3608","10524936"
"3609","10512296"
"3610","11298061"
"3611","11298058"
"3612","11298060"
"3613","11298057"
"3614","11298056"
"3615","10524935"
"3616","10524961"
"3617","10419028"
"3618","10583809"
"3619","10524934"
"3620","10512222"
"3621","10524963"
"3622","10573403"
"3623","10582840"
"3624","10674419"
"3625","10595053"
"3626","10577980"
"3627","10512167"
"3628","10595052"
"3629","10524917"
"3630","10583892"
"3631","10524911"
"3632","10524915"
"3633","10524913"
"3634","11298063"
"3635","10524914"
"3636","11298064"
"3637","10524912"
"3638","11298062"
"3639","10589635"
"3640","10524916"
"3641","10543594"
"3642","10580753"
"3643","10524064"
"3644","10803669"
"3645","10512123"
"3646","10524066"
"3647","10524932"
"3648","10524960"
"3649","10568052"
"3650","10589254"
"3651","10524917"
"3652","10580753"
"3653","10573984"
"3654","10574111"
"3655","11383527"
"3656","10572518"
"3657","10573980"
"3658","10362508"
"3659","10985348"
"3660","11383530"
"3661","10570252"
"3662","10577480"
"3663","10577472"
"3664","10570917"
"3665","10570913"
"3666","10572861"
"3667","10572860"
"3668","10581995"
"3669","10581994"
"3670","10572853"
"3671","10577476"
"3672","10572856"
"3673","10572867"
"3674","10572854"
"3675","10572866"
"3676","10581901"
"3677","10572857"
"3678","10572863"
"3679","10581909"
"3680","10572852"
"3681","10572862"
"3682","10573979"
"3683","10572865"
"3684","10581900"
"3685","11297851"
"3686","10581939"
"3687","10581997"
"3688","10524003"
"3689","10580430"
"3690","10573982"
"3691","10572855"
"3692","10581916"
"3693","10572864"
"3694","10572869"
"3695","10580431"
"3696","11292040"
"3697","10581917"
"3698","10581926"
"3699","10581910"
"3700","10581903"
"3701","10581922"
"3702","10536029"
"3703","10581931"
"3704","10581902"
"3705","10581906"
"3706","11290812"
"3707","10581913"
"3708","11290813"
"3709","11292041"
"3710","10581923"
"3711","11292031"
"3712","11292039"
"3713","10581914"
"3714","10581919"
"3715","10581925"
"3716","10581927"
"3717","10581907"
"3718","10581920"
"3719","10581915"
"3720","10577431"
"3721","10570911"
"3722","10577432"
"3723","10577434"
"3724","10581996"
"3725","10577435"
"3726","10577441"
"3727","10573987"
"3728","10580809"
"3729","10577433"
"3730","10581904"
"3731","11290808"
"3732","11290810"
"3733","10573984"
"3734","10574111"
"3735","10577480"
"3736","10577472"
"3737","10572853"
"3738","10577431"
"3739","10576451"
"3740","11290814"
"3741","11290815"
"3742","10570955"
"3743","10570954"
"3744","10578642"
"3745","10570952"
"3746","10578640"
"3747","10570962"
"3748","10570963"
"3749","10688848"
"3750","10688868"
"3751","10578644"
"3752","10578643"
"3753","10578641"
"3754","10578649"
"3755","10570961"
"3756","10570944"
"3757","10563150"
"3758","10578657"
"3759","10570941"
"3760","10578654"
"3761","10578656"
"3762","10578655"
"3763","10578647"
"3764","10578646"
"3765","11290809"
"3766","10578645"
"3767","10570945"
"3768","10570951"
"3769","11292042"
"3770","10580800"
"3771","11290817"
"3772","10570073"
"3773","10570071"
"3774","10570993"
"3775","10570997"
"3776","10577649"
"3777","10581937"
"3778","11292033"
"3779","11292035"
"3780","10688968"
"3781","11292034"
"3782","11292032"
"3783","11292038"
"3784","11292036"
"3785","11292037"
"3786","10814122"
"3787","10695348"
"3788","10343798"
"3789","10366898"
"3790","10580920"
"3791","10824941"
"3792","10441758"
"3793","11298065"
"3794","10576451"
"3795","10578640"
"3796","10570944"
"3797","10570945"
"3798","11292042"
"3799","10570993"
"3800","10589361"
"3801","10583896"
"3802","11292573"
"3803","10573612"
"3804","10560088"
"3805","10573619"
"3806","10573610"
"3807","11292026"
"3808","10584488"
"3809","10074711"
"3810","10573611"
"3811","10957558"
"3812","11292114"
"3813","10512104"
"3814","10589189"
"3815","10568585"
"3816","10512110"
"3817","10573464"
"3818","10579585"
"3819","10568342"
"3820","10568334"
"3821","10674156"
"3822","10589657"
"3823","10525125"
"3824","10578341"
"3825","10578336"
"3826","10557353"
"3827","10547244"
"3828","10674430"
"3829","10511070"
"3830","11324836"
"3831","11325095"
"3832","10578317"
"3833","10578337"
"3834","10578329"
"3835","10578321"
"3836","10543113"
"3837","10589190"
"3838","10578340"
"3839","10524105"
"3840","10578345"
"3841","10589361"
"3842","10583896"
"3843","10560088"
"3844","10512104"
"3845","10511070"
"3846","11325095"
"3847","10917308"
"3848","10571832"
"3849","10572427"
"3850","10511567"
"3851","10571075"
"3852","11290820"
"3853","10572425"
"3854","11290821"
"3855","10674381"
"3856","10571866"
"3857","11292027"
"3858","10543545"
"3859","10543111"
"3860","10571220"
"3861","11292028"
"3862","10562934"
"3863","10574043"
"3864","10510744"
"3865","10574041"
"3866","10574851"
"3867","11385231"
"3868","11284552"
"3869","10571726"
"3870","10571073"
"3871","10543620"
"3872","10572423"
"3873","10578367"
"3874","10578570"
"3875","10578571"
"3876","10589748"
"3877","10589146"
"3878","10571071"
"3879","10576529"
"3880","10572422"
"3881","10578753"
"3882","11294429"
"3883","10580075"
"3884","10577776"
"3885","10572424"
"3886","10589192"
"3887","10688888"
"3888","10964101"
"3889","10536021"
"3890","10595062"
"3891","10547898"
"3892","10814922"
"3893","10571076"
"3894","10575267"
"3895","11290609"
"3896","10511675"
"3897","10511674"
"3898","10589405"
"3899","11290610"
"3900","10536020"
"3901","10511673"
"3902","10543065"
"3903","10571061"
"3904","11299117"
"3905","11299114"
"3906","10664998"
"3907","10573004"
"3908","10674277"
"3909","10589524"
"3910","10459898"
"3911","10584913"
"3912","10584919"
"3913","10584915"
"3914","10917308"
"3915","10578367"
"3916","10964101"
"3917","11290609"
"3918","10664998"
"3919","10584913"
"3920","10595084"
"3921","10595082"
"3922","10595071"
"3923","11300485"
"3924","11300474"
"3925","10511202"
"3926","90003293"
"3927","90003295"
"3928","90002722"
"3929","90002727"
"3930","10873782"
"3931","90002726"
"3932","90002725"
"3933","90002728"
"3934","11299141"
"3935","90002719"
"3936","10595076"
"3937","90002718"
"3938","90002720"
"3939","10595084"
"3940","10595082"
"3941","10595071"
"3942","11300485"
"3943","10511202"
"3944","11299141"
"3945","10512364"
"3946","10543561"
"3947","10581070"
"3948","10543556"
"3949","10573507"
"3950","10525247"
"3951","11292578"
"3952","10583980"
"3953","11295625"
"3954","10512365"
"3955","10581071"
"3956","10573392"
"3957","10543562"
"3958","10543557"
"3959","10573519"
"3960","10573494"
"3961","10543727"
"3962","10583981"
"3963","10581964"
"3964","10543566"
"3965","10581966"
"3966","10581965"
"3967","10543565"
"3968","10581967"
"3969","11293797"
"3970","10543567"
"3971","11300780"
"3972","10674025"
"3973","10674026"
"3974","10395983"
"3975","10525003"
"3976","11301234"
"3977","11301233"
"3978","10674022"
"3979","10674020"
"3980","10986818"
"3981","10525246"
"3982","10674021"
"3983","10674017"
"3984","10572529"
"3985","10572523"
"3986","10543605"
"3987","10543604"
"3988","10543564"
"3989","10543563"
"3990","10572525"
"3991","10543606"
"3992","10512134"
"3993","10543607"
"3994","11281581"
"3995","10543603"
"3996","10572520"
"3997","10543611"
"3998","10543602"
"3999","10543285"
"4000","10543102"
"4001","10543610"
"4002","11300254"
"4003","10573390"
"4004","10543569"
"4005","10119672"
"4006","10512367"
"4007","10543560"
"4008","10512363"
"4009","10581072"
"4010","10573495"
"4011","11281580"
"4012","11294150"
"4013","11293803"
"4014","10525244"
"4015","10512790"
"4016","11301232"
"4017","10512366"
"4018","11301231"
"4019","10584391"
"4020","10595024"
"4021","11293813"
"4022","11293839"
"4023","11300784"
"4024","11293814"
"4025","11295628"
"4026","11323297"
"4027","11301235"
"4028","10584377"
"4029","10543609"
"4030","10584382"
"4031","10543255"
"4032","10512217"
"4033","10512229"
"4034","10512220"
"4035","10512216"
"4036","11294438"
"4037","10580883"
"4038","10543667"
"4039","11299435"
"4040","10543666"
"4041","11299440"
"4042","11299432"
"4043","11299438"
"4044","10674022"
"4045","10512364"
"4046","10512365"
"4047","10581964"
"4048","10573390"
"4049","11301235"
"4050","11300428"
"4051","10834011"
"4052","10980638"
"4053","10571432"
"4054","10334528"
"4055","11283355"
"4056","10883318"
"4057","10584476"
"4058","10589195"
"4059","11279091"
"4060","10584475"
"4061","10883308"
"4062","10573689"
"4063","11298209"
"4064","10563301"
"4065","10511037"
"4066","10511036"
"4067","10573550"
"4068","90002034"
"4069","10515278"
"4070","10543145"
"4071","10515168"
"4072","10664224"
"4073","11284544"
"4074","11284562"
"4075","11281572"
"4076","10572753"
"4077","10572752"
"4078","10543612"
"4079","10511294"
"4080","10543426"
"4081","10543615"
"4082","10543614"
"4083","10543427"
"4084","11281578"
"4085","10573194"
"4086","10573109"
"4087","10573101"
"4088","10565406"
"4089","10834312"
"4090","10674352"
"4091","10565407"
"4092","10573195"
"4093","10674350"
"4094","10567870"
"4095","10580817"
"4096","11300428"
"4097","10834011"
"4098","10563301"
"4099","11281572"
"4100","10543426"
"4101","11281578"
"4102","10565634"
"4103","10565631"
"4104","10511292"
"4105","11300776"
"4106","11300775"
"4107","11297534"
"4108","10572724"
"4109","11300253"
"4110","10512796"
"4111","11284543"
"4112","11301509"
"4113","10571849"
"4114","11301475"
"4115","10584930"
"4116","11301456"
"4117","11301510"
"4118","10674076"
"4119","11301479"
"4120","11301230"
"4121","11301446"
"4122","10512781"
"4123","11301451"
"4124","90000412"
"4125","10572725"
"4126","11295819"
"4127","11301261"
"4128","10589044"
"4129","11301476"
"4130","10584931"
"4131","10584110"
"4132","10511033"
"4133","10543370"
"4134","10584105"
"4135","10584106"
"4136","10511031"
"4137","10511030"
"4138","10511032"
"4139","10584107"
"4140","10577837"
"4141","10577849"
"4142","11301271"
"4143","10584103"
"4144","10584932"
"4145","10581401"
"4146","10573177"
"4147","10584473"
"4148","10570057"
"4149","11294152"
"4150","11300777"
"4151","11293154"
"4152","11300778"
"4153","10570055"
"4154","10511291"
"4155","10571619"
"4156","10568519"
"4157","10543424"
"4158","10512054"
"4159","10525094"
"4160","10595023"
"4161","10565634"
"4162","10512796"
"4163","10584110"
"4164","10577837"
"4165","10511291"
"4166","10571619"
"4167","10578945"
"4168","10578971"
"4169","10578967"
"4170","10578082"
"4171","10578984"
"4172","10511636"
"4173","10578080"
"4174","10578990"
"4175","10573133"
"4176","10578960"
"4177","10578947"
"4178","10578097"
"4179","10578965"
"4180","10578099"
"4181","10578085"
"4182","10578970"
"4183","10578985"
"4184","10578995"
"4185","10578086"
"4186","10578072"
"4187","10578244"
"4188","10578952"
"4189","10578950"
"4190","10578915"
"4191","10578931"
"4192","10573214"
"4193","10589222"
"4194","10674489"
"4195","10525077"
"4196","10576409"
"4197","10576400"
"4198","11356042"
"4199","10563052"
"4200","10573892"
"4201","10573893"
"4202","10589380"
"4203","10580972"
"4204","10543467"
"4205","10573623"
"4206","10595012"
"4207","90003520"
"4208","10578921"
"4209","10580601"
"4210","10584995"
"4211","10578972"
"4212","10674495"
"4213","10674496"
"4214","10576458"
"4215","11281807"
"4216","10589273"
"4217","10511516"
"4218","10674139"
"4219","10326858"
"4220","10511893"
"4221","10767807"
"4222","10583947"
"4223","10573483"
"4224","10571890"
"4225","10547574"
"4226","10589882"
"4227","11294389"
"4228","10589223"
"4229","10567253"
"4230","10543191"
"4231","10674461"
"4232","10595019"
"4233","10524004"
"4234","90003521"
"4235","10589950"
"4236","10986538"
"4237","10600008"
"4238","10573943"
"4239","10573330"
"4240","10967643"
"4241","10573422"
"4242","11300258"
"4243","10684638"
"4244","10580586"
"4245","11300257"
"4246","11300009"
"4247","10876348"
"4248","10573945"
"4249","10696608"
"4250","10575528"
"4251","10571756"
"4252","10512316"
"4253","10423648"
"4254","11290613"
"4255","10423658"
"4256","11295818"
"4257","10573944"
"4258","10580600"
"4259","10525277"
"4260","10562392"
"4261","10674001"
"4262","10525262"
"4263","10570245"
"4264","10834013"
"4265","10577774"
"4266","10576719"
"4267","10580743"
"4268","10525276"
"4269","10580301"
"4270","10580795"
"4271","11300256"
"4272","11292466"
"4273","11300259"
"4274","10575147"
"4275","10580300"
"4276","10512017"
"4277","10572494"
"4278","10575142"
"4279","10525263"
"4280","10578996"
"4281","10578076"
"4282","10578920"
"4283","10578905"
"4284","10578933"
"4285","10714589"
"4286","10665938"
"4287","10578904"
"4288","10581455"
"4289","10543742"
"4290","10589682"
"4291","10578937"
"4292","10580980"
"4293","10578949"
"4294","10873781"
"4295","10578097"
"4296","10573214"
"4297","10578921"
"4298","10511516"
"4299","10575528"
"4300","10580600"
"4301","10567310"
"4302","10674219"
"4303","10567315"
"4304","10571757"
"4305","10576379"
"4306","10571769"
"4307","10573384"
"4308","10567311"
"4309","10674207"
"4310","10576371"
"4311","10573382"
"4312","10573383"
"4313","11289347"
"4314","10573381"
"4315","10581954"
"4316","10573389"
"4317","10576370"
"4318","10581952"
"4319","10674924"
"4320","10571879"
"4321","10571767"
"4322","10512015"
"4323","11300261"
"4324","10511827"
"4325","10561306"
"4326","10577859"
"4327","10674476"
"4328","10578745"
"4329","10577843"
"4330","10581025"
"4331","10578743"
"4332","10589224"
"4333","10589255"
"4334","10589256"
"4335","10578744"
"4336","10512262"
"4337","10511040"
"4338","10674426"
"4339","10584477"
"4340","11289171"
"4341","10766114"
"4342","10584489"
"4343","10595001"
"4344","10511650"
"4345","10674412"
"4346","10674411"
"4347","10595000"
"4348","10595093"
"4349","10580069"
"4350","10565253"
"4351","11289170"
"4352","11290211"
"4353","10589384"
"4354","10589385"
"4355","10511882"
"4356","10543250"
"4357","10580832"
"4358","10543259"
"4359","10543269"
"4360","10525001"
"4361","10589387"
"4362","10589386"
"4363","10543252"
"4364","10595912"
"4365","10543251"
"4366","10525002"
"4367","10543590"
"4368","10543761"
"4369","11292582"
"4370","11293155"
"4371","10674039"
"4372","11292581"
"4373","11292579"
"4374","11294155"
"4375","11293156"
"4376","10567310"
"4377","10567311"
"4378","10512015"
"4379","10512262"
"4380","10589384"
"4381","10543590"
"4382","10674091"
"4383","10580380"
"4384","10577326"
"4385","10547239"
"4386","11298212"
"4387","10580621"
"4388","10549448"
"4389","11356052"
"4390","10562982"
"4391","10580313"
"4392","10589993"
"4393","10580540"
"4394","10674116"
"4395","10570036"
"4396","10524955"
"4397","10547232"
"4398","10545785"
"4399","10573144"
"4400","10524953"
"4401","11290614"
"4402","10525967"
"4403","10543653"
"4404","10647498"
"4405","10511206"
"4406","10583804"
"4407","10547233"
"4408","10554883"
"4409","10512190"
"4410","10580377"
"4411","11301511"
"4412","10547227"
"4413","10511207"
"4414","10524954"
"4415","10543579"
"4416","11356053"
"4417","10575454"
"4418","11292590"
"4419","10524952"
"4420","11299655"
"4421","90002700"
"4422","11296557"
"4423","11299652"
"4424","10580622"
"4425","10554884"
"4426","10543656"
"4427","10572851"
"4428","10512341"
"4429","10565459"
"4430","10547231"
"4431","10562981"
"4432","10687518"
"4433","90002702"
"4434","10547230"
"4435","10674367"
"4436","10805168"
"4437","10512192"
"4438","10580004"
"4439","11289209"
"4440","90002701"
"4441","10571210"
"4442","10554886"
"4443","10564402"
"4444","10589586"
"4445","10554885"
"4446","10674091"
"4447","10580380"
"4448","10511206"
"4449","10580622"
"4450","10547230"
"4451","10571210"
"4452","10674334"
"4453","10674336"
"4454","10674335"
"4455","10579369"
"4456","10512336"
"4457","10579881"
"4458","10580046"
"4459","10580047"
"4460","10543709"
"4461","10571829"
"4462","10568701"
"4463","10323748"
"4464","10041898"
"4465","10512007"
"4466","10512006"
"4467","10573423"
"4468","10589723"
"4469","10584000"
"4470","10925068"
"4471","10584057"
"4472","92000402"
"4473","10581972"
"4474","10549488"
"4475","10674092"
"4476","10543660"
"4477","10543669"
"4478","10589366"
"4479","10524021"
"4480","10674349"
"4481","10674341"
"4482","10483798"
"4483","10589367"
"4484","10589365"
"4485","10546088"
"4486","11291941"
"4487","10595092"
"4488","11292591"
"4489","10674337"
"4490","10511782"
"4491","10511780"
"4492","10511781"
"4493","10511783"
"4494","10511784"
"4495","11290612"
"4496","10446928"
"4497","10446938"
"4498","10589512"
"4499","10825361"
"4500","10924518"
"4501","10573170"
"4502","11283354"
"4503","10580284"
"4504","10571870"
"4505","10563240"
"4506","10524086"
"4507","10525134"
"4508","10674065"
"4509","10322398"
"4510","10420338"
"4511","10674334"
"4512","10568701"
"4513","10581972"
"4514","10589366"
"4515","10674337"
"4516","10573170"
"4517","10511807"
"4518","10580957"
"4519","10589511"
"4520","10573297"
"4521","10581400"
"4522","10581012"
"4523","10573265"
"4524","10581010"
"4525","10589510"
"4526","10581013"
"4527","10571699"
"4528","10674283"
"4529","10511013"
"4530","10511011"
"4531","10511012"
"4532","10543580"
"4533","11292584"
"4534","10524925"
"4535","10525296"
"4536","10580992"
"4537","10570037"
"4538","10512983"
"4539","10511590"
"4540","10511593"
"4541","11291938"
"4542","10580363"
"4543","10525210"
"4544","10844046"
"4545","10525304"
"4546","11325098"
"4547","10525303"
"4548","10580993"
"4549","10581491"
"4550","10524966"
"4551","10524923"
"4552","10525305"
"4553","11292580"
"4554","10584194"
"4555","10844060"
"4556","10548308"
"4557","10525204"
"4558","10575815"
"4559","10589519"
"4560","11291939"
"4561","10511595"
"4562","10511592"
"4563","10525219"
"4564","10524970"
"4565","10543651"
"4566","10524971"
"4567","10525202"
"4568","10543899"
"4569","10525201"
"4570","10543890"
"4571","10511807"
"4572","10511013"
"4573","10844046"
"4574","10525304"
"4575","10525204"
"4576","10524970"
"4577","10589237"
"4578","10525376"
"4579","10573267"
"4580","11290115"
"4581","10512981"
"4582","10362728"
"4583","10512980"
"4584","10512977"
"4585","10512982"
"4586","10512984"
"4587","10512989"
"4588","10543597"
"4589","10567080"
"4590","10567072"
"4591","10567089"
"4592","11327171"
"4593","11327172"
"4594","11288846"
"4595","10512376"
"4596","10573293"
"4597","10511119"
"4598","10573294"
"4599","10573201"
"4600","10674363"
"4601","11295814"
"4602","10573322"
"4603","11297836"
"4604","11297835"
"4605","10512163"
"4606","10511143"
"4607","10573605"
"4608","11326250"
"4609","10573317"
"4610","11326249"
"4611","10589015"
"4612","10578639"
"4613","10674094"
"4614","10579889"
"4615","11326248"
"4616","10589323"
"4617","11326247"
"4618","10581462"
"4619","10573473"
"4620","10581461"
"4621","10581463"
"4622","10584324"
"4623","10567077"
"4624","10956088"
"4625","10601788"
"4626","11326427"
"4627","10844185"
"4628","10578825"
"4629","10525200"
"4630","10584917"
"4631","10572740"
"4632","11300260"
"4633","10571336"
"4634","10571805"
"4635","10589710"
"4636","10524946"
"4637","10511963"
"4638","10525212"
"4639","10535488"
"4640","10511961"
"4641","10584909"
"4642","10576331"
"4643","10624698"
"4644","11326426"
"4645","10584112"
"4646","10561991"
"4647","10674446"
"4648","10561990"
"4649","10561992"
"4650","10557356"
"4651","10572508"
"4652","10573374"
"4653","11327168"
"4654","10567080"
"4655","10584324"
"4656","10844185"
"4657","10571336"
"4658","10524946"
"4659","10584112"
"4660","10573773"
"4661","10543214"
"4662","10571536"
"4663","10573774"
"4664","10570299"
"4665","10579346"
"4666","10580491"
"4667","11324514"
"4668","11300262"
"4669","11288506"
"4670","10589392"
"4671","10573639"
"4672","10589042"
"4673","10571424"
"4674","11288817"
"4675","11281568"
"4676","10571049"
"4677","10965586"
"4678","10571057"
"4679","10455528"
"4680","10543770"
"4681","11300781"
"4682","10572807"
"4683","11300782"
"4684","10950768"
"4685","10584224"
"4686","10524926"
"4687","10580603"
"4688","10589395"
"4689","10525259"
"4690","10674366"
"4691","10112448"
"4692","10571245"
"4693","10571243"
"4694","10541608"
"4695","10571242"
"4696","11290615"
"4697","10580735"
"4698","10511960"
"4699","10511014"
"4700","10578629"
"4701","10511969"
"4702","10525004"
"4703","10525339"
"4704","11295815"
"4705","11295816"
"4706","10573375"
"4707","10524979"
"4708","10580086"
"4709","10574843"
"4710","11300252"
"4711","10674391"
"4712","10573329"
"4713","11292585"
"4714","11326429"
"4715","10573773"
"4716","10543214"
"4717","10589395"
"4718","10525259"
"4719","10511960"
"4720","11295815"
"4721","10761992"
"4722","10760219"
"4723","10762140"
"4724","10762134"
"4725","10761068"
"4726","10760218"
"4727","11295943"
"4728","10761992"
"4729","10760219"
"4730","10762140"
"4731","10762134"
"4732","10760218"
"4733","10761068"
"4734","10765290"
"4735","10768599"
"4736","10768590"
"4737","10767800"
"4738","10583812"
"4739","10765291"
"4740","10768598"
"4741","10583813"
"4742","10768712"
"4743","10768587"
"4744","10378828"
"4745","10761838"
"4746","10562480"
"4747","10583814"
"4748","10732669"
"4749","10765986"
"4750","10761932"
"4751","10583815"
"4752","11281582"
"4753","10761848"
"4754","10568087"
"4755","10760941"
"4756","10562474"
"4757","10583816"
"4758","10945438"
"4759","10760796"
"4760","10760797"
"4761","10562481"
"4762","10762813"
"4763","10761858"
"4764","10765904"
"4765","10765290"
"4766","10760796"
"4767","10761838"
"4768","10562480"
"4769","10765986"
"4770","10761848"
"4771","10778621"
"4772","10767497"
"4773","10751766"
"4774","10760554"
"4775","10763914"
"4776","10768123"
"4777","10695108"
"4778","10068858"
"4779","10763913"
"4780","10767555"
"4781","10565542"
"4782","10569617"
"4783","10251313"
"4784","10760923"
"4785","10767813"
"4786","10778623"
"4787","10760044"
"4788","10768724"
"4789","10778622"
"4790","10768723"
"4791","10778629"
"4792","10768477"
"4793","10695248"
"4794","10568971"
"4795","10962649"
"4796","10768645"
"4797","10762852"
"4798","10778628"
"4799","10768476"
"4800","10765564"
"4801","10767764"
"4802","10763912"
"4803","10762856"
"4804","10353028"
"4805","10956248"
"4806","10695168"
"4807","10778621"
"4808","10778629"
"4809","10768724"
"4810","10768645"
"4811","10768476"
"4812","10353028"
"4813","10567095"
"4814","10760363"
"4815","10763906"
"4816","10766194"
"4817","10789587"
"4818","10568425"
"4819","10824055"
"4820","10824262"
"4821","10766193"
"4822","10761994"
"4823","10768880"
"4824","10763919"
"4825","10502948"
"4826","10762155"
"4827","10763929"
"4828","10762212"
"4829","10789586"
"4830","10568665"
"4831","10763907"
"4832","10766192"
"4833","10502958"
"4834","10762211"
"4835","10763920"
"4836","10760120"
"4837","10541321"
"4838","10762835"
"4839","10873784"
"4840","10569886"
"4841","10760524"
"4842","11300490"
"4843","10768696"
"4844","10764962"
"4845","10824103"
"4846","10824101"
"4847","10541329"
"4848","10824100"
"4849","10824305"
"4850","10567095"
"4851","10502948"
"4852","10764962"
"4853","10824103"
"4854","10760524"
"4855","11300490"
"4856","10762765"
"4857","10796184"
"4858","10762879"
"4859","10762873"
"4860","10760824"
"4861","10762213"
"4862","10722062"
"4863","10762811"
"4864","10722060"
"4865","10762764"
"4866","10750876"
"4867","10762214"
"4868","10760822"
"4869","10762850"
"4870","10722061"
"4871","10762764"
"4872","10762765"
"4873","10762873"
"4874","10762811"
"4875","10762879"
"4876","10722061"
"4877","10789582"
"4878","10762885"
"4879","10768368"
"4880","10789581"
"4881","10760279"
"4882","10789583"
"4883","10767455"
"4884","10767453"
"4885","11283684"
"4886","10767457"
"4887","10560150"
"4888","10767819"
"4889","10767818"
"4890","10541320"
"4891","10766124"
"4892","10565649"
"4893","10767680"
"4894","10762880"
"4895","10762826"
"4896","10767677"
"4897","10562795"
"4898","11299367"
"4899","10773786"
"4900","10773787"
"4901","10763910"
"4902","10764820"
"4903","10768515"
"4904","10768516"
"4905","10789585"
"4906","10765619"
"4907","10789582"
"4908","10767455"
"4909","10560150"
"4910","10565649"
"4911","11299367"
"4912","10768515"
"4913","10565646"
"4914","10767417"
"4915","10760492"
"4916","10762855"
"4917","10760493"
"4918","10760495"
"4919","10565673"
"4920","10768698"
"4921","10565614"
"4922","10498258"
"4923","10980238"
"4924","10414618"
"4925","10760764"
"4926","10760926"
"4927","10760746"
"4928","10164933"
"4929","10760346"
"4930","10762043"
"4931","10762042"
"4932","10760762"
"4933","10762279"
"4934","10762715"
"4935","10762270"
"4936","10762274"
"4937","10762273"
"4938","10565646"
"4939","10767417"
"4940","10414618"
"4941","10760746"
"4942","10762279"
"4943","10762715"
"4944","10760579"
"4945","10565622"
"4946","10760556"
"4947","11284705"
"4948","10760555"
"4949","10760570"
"4950","10565621"
"4951","10762124"
"4952","10762123"
"4953","10574243"
"4954","10760579"
"4955","10565622"
"4956","10760556"
"4957","10762124"
"4958","10762123"
"4959","10574243"
"4960","10768968"
"4961","10541068"
"4962","10762392"
"4963","10760400"
"4964","10524973"
"4965","10542928"
"4966","10762384"
"4967","10543393"
"4968","10760063"
"4969","10565565"
"4970","10762079"
"4971","10763924"
"4972","10762359"
"4973","10762350"
"4974","11326781"
"4975","10762301"
"4976","11326782"
"4977","10762196"
"4978","90002810"
"4979","10760114"
"4980","10762393"
"4981","10760053"
"4982","10567383"
"4983","10765366"
"4984","10767654"
"4985","10543391"
"4986","10762390"
"4987","10762269"
"4988","10762260"
"4989","10760401"
"4990","10763921"
"4991","11329413"
"4992","10543392"
"4993","10767653"
"4994","10898408"
"4995","10762857"
"4996","10760711"
"4997","10762869"
"4998","10767693"
"4999","10762382"
"5000","10760927"
"5001","11329379"
"5002","10762381"
"5003","10762072"
"5004","10564557"
"5005","10760948"
"5006","10760949"
"5007","10760529"
"5008","10762395"
"5009","10930228"
"5010","10543390"
"5011","10565561"
"5012","10762820"
"5013","10760007"
"5014","10565552"
"5015","10760937"
"5016","10762396"
"5017","10768687"
"5018","10762109"
"5019","10762394"
"5020","10762397"
"5021","10762840"
"5022","11299674"
"5023","11355865"
"5024","10762186"
"5025","11326783"
"5026","90002020"
"5027","90002021"
"5028","10763922"
"5029","10763923"
"5030","90002023"
"5031","10762837"
"5032","10762187"
"5033","10762199"
"5034","10778615"
"5035","10778627"
"5036","10762300"
"5037","10760465"
"5038","10569860"
"5039","10564347"
"5040","10558318"
"5041","10760935"
"5042","11324297"
"5043","10741748"
"5044","10768559"
"5045","10761067"
"5046","10760053"
"5047","10762072"
"5048","10768968"
"5049","10741748"
"5050","10762840"
"5051","10778615"
"5052","10762846"
"5053","10762887"
"5054","10762875"
"5055","10762899"
"5056","10764449"
"5057","10762891"
"5058","10760351"
"5059","10760623"
"5060","10773719"
"5061","10765125"
"5062","10565537"
"5063","10762889"
"5064","10963308"
"5065","10310057"
"5066","10762877"
"5067","10576041"
"5068","10760595"
"5069","10768163"
"5070","10762761"
"5071","10567986"
"5072","10768514"
"5073","10762874"
"5074","10768842"
"5075","10760280"
"5076","10768524"
"5077","11295954"
"5078","10762884"
"5079","10768523"
"5080","10762882"
"5081","10768695"
"5082","10768692"
"5083","10762339"
"5084","10921708"
"5085","10768690"
"5086","10767660"
"5087","10762883"
"5088","10766219"
"5089","10766207"
"5090","10765125"
"5091","10768514"
"5092","10762882"
"5093","10762846"
"5094","10762891"
"5095","10760595"
